subject,trial,rt,choice,item_value_0,item_value_1,gaze_0,gaze_1
1,22,912.9999999999999,1,5.0,4.6,0.75,0.25
1,23,1435.0,0,5.0,4.6,0.25,0.75
1,25,1187.0,0,5.3,5.0,0.25,0.75
1,26,1186.0,0,5.2,5.0,0.75,0.25
1,27,893.0,0,5.2,5.0,0.75,0.25
1,30,1658.0000000000002,0,5.0,5.0,0.5,0.5
1,32,1783.0000000000002,0,5.1,5.0,0.25,0.75
1,35,2063.0,0,5.1,5.0,0.5,0.5
1,37,1335.0,0,5.1,5.0,0.25,0.75
1,38,2220.0,0,5.0,5.2,0.25,0.75
1,39,1966.9999999999998,1,5.2,5.0,0.25,0.75
1,40,1710.9999999999998,0,5.3,5.0,0.5,0.5
1,41,1483.0,0,5.3,5.0,0.5,0.5
1,42,1105.9999999999998,0,5.0,5.2,0.5,0.5
1,45,2411.0,0,5.0,5.2,0.75,0.25
1,47,2195.0,0,4.9,5.0,0.5,0.5
1,48,3011.0,0,5.1,5.0,0.25,0.75
1,49,1558.0,0,5.2,5.0,0.5,0.5
1,50,1163.0,1,5.0,5.3,0.25,0.75
1,51,904.0,0,5.3,5.0,0.25,0.75
1,52,1438.0000000000002,0,5.0,5.2,0.5,0.5
1,54,1517.0,1,5.0,5.3,0.5,0.5
1,56,3083.0,1,5.0,5.3,0.25,0.75
1,58,2576.0,0,5.5,5.0,0.75,0.25
1,59,1577.0,0,4.5,5.0,0.5,0.5
1,60,1817.0,0,5.0,5.6,0.25,0.75
1,61,930.0,0,5.0,4.4,0.25,0.75
1,62,3200.0,0,5.0,4.5,0.5,0.5
1,64,1690.0,0,5.0,5.4,0.5,0.5
1,65,789.0,0,5.5,5.0,0.5,0.5
1,68,1703.0,0,5.0,5.5,0.5,0.5
1,69,1101.0,0,5.5,5.0,0.5,0.5
1,70,3853.0,1,5.0,5.4,0.5,0.5
1,74,3157.0,1,5.0,4.8,0.25,0.75
1,75,1653.0,1,4.8,5.0,0.5,0.5
1,76,1268.0,0,4.7,5.0,0.25,0.75
1,77,1418.0000000000002,1,5.0,5.3,0.75,0.25
1,79,1367.0,0,5.2,5.0,0.5,0.5
1,80,1619.0,0,5.3,5.0,0.25,0.75
1,82,1580.0,0,5.0,5.5,0.75,0.25
1,83,1519.0000000000002,0,5.0,5.6,0.75,0.25
1,84,1307.0,0,5.0,4.4,0.5,0.5
1,85,1524.0,0,5.5,5.0,0.75,0.25
1,86,1523.0000000000002,0,5.5,5.0,0.5,0.5
1,89,1428.0000000000002,0,4.5,5.0,0.25,0.75
1,90,2061.0,0,4.4,5.0,0.25,0.75
1,93,2069.0,1,5.0,5.5,0.25,0.75
1,94,1638.0000000000002,1,5.0,5.4,0.5,0.5
1,97,2795.0,1,5.4,5.0,0.5,0.5
1,98,1666.0,0,5.0,4.6,0.75,0.25
1,99,3768.9999999999995,1,4.5,5.0,0.5,0.5
1,100,1329.0,0,5.5,5.0,0.5,0.5
1,101,883.0,0,5.0,4.4,0.25,0.75
1,103,2674.0,1,4.5,5.0,0.75,0.25
1,104,724.0000000000001,1,5.0,5.4,0.25,0.75
1,105,1182.0,1,5.0,5.4,0.5,0.5
1,108,1464.0,0,4.8,5.0,0.5,0.5
1,110,2039.0000000000002,0,5.0,5.4,0.5,0.5
1,111,1575.0,0,5.5,5.0,0.75,0.25
1,113,1946.9999999999998,0,5.0,4.6,0.25,0.75
1,114,1935.0,0,4.5,5.0,0.25,0.75
1,115,1630.0,0,5.0,5.5,0.75,0.25
1,117,4125.0,1,4.4,5.0,0.5,0.5
1,118,1359.0,0,5.7,5.0,0.5,0.5
1,119,2231.9999999999995,1,5.0,5.7,0.25,0.75
1,122,1855.0,0,5.0,4.5,0.5,0.5
1,123,1401.0,1,4.5,5.0,0.75,0.25
1,124,1878.0,0,5.0,4.6,0.75,0.25
1,125,1155.0,0,5.0,4.6,0.5,0.5
1,126,3906.0,0,4.7,5.0,0.25,0.75
1,127,1500.0,0,5.3,5.0,0.5,0.5
1,129,2935.0,0,5.2,5.0,0.75,0.25
1,130,4602.0,0,4.9,5.0,0.25,0.75
1,131,2134.0,0,4.9,5.0,0.5,0.5
1,132,3381.0,0,5.0,5.0,0.25,0.75
1,136,1298.0,1,4.7,5.0,0.75,0.25
1,137,1010.0,0,5.0,4.6,0.5,0.5
1,138,4633.999999999999,1,5.0,5.4,0.75,0.25
1,139,3330.0,0,5.0,4.7,0.25,0.75
1,141,3526.9999999999995,0,5.2,5.0,0.5,0.5
1,142,1234.0,1,4.8,5.0,0.5,0.5
1,143,1569.0,0,5.3,5.0,0.5,0.5
1,144,1720.0,1,4.7,5.0,0.5,0.5
1,147,1783.0000000000002,0,5.1,5.0,0.25,0.75
1,148,3286.0,1,5.0,4.9,0.25,0.75
1,150,1588.0,1,4.8,5.0,0.25,0.75
1,151,1755.0,0,5.0,5.1,0.25,0.75
1,152,1290.0,0,5.0,5.2,0.25,0.75
1,153,910.9999999999999,1,5.0,5.3,0.75,0.25
1,154,910.0,1,5.0,5.4,0.5,0.5
1,155,1324.0,1,5.0,5.5,0.75,0.25
1,158,895.0,0,5.0,4.3,0.25,0.75
1,160,2268.0000000000005,1,4.4,5.0,0.5,0.5
1,161,3561.0000000000005,1,4.3,5.0,0.25,0.75
1,164,2940.0,1,4.4,5.0,0.25,0.75
1,165,1361.0,0,5.5,5.0,0.75,0.25
1,167,2594.0,1,5.0,4.6,0.5,0.5
1,168,1670.0,0,5.5,5.0,0.75,0.25
1,169,887.0,1,5.0,5.6,0.5,0.5
1,171,1365.9999999999998,1,4.5,5.0,0.75,0.25
1,172,1385.0,0,5.5,5.0,0.75,0.25
1,173,1664.0000000000002,0,4.6,5.0,0.75,0.25
1,176,1325.9999999999998,1,4.6,5.0,0.5,0.5
1,177,1950.0,1,5.0,4.6,0.25,0.75
1,178,1689.0,0,5.0,5.3,0.5,0.5
1,181,2290.0,1,4.5,5.0,0.75,0.25
1,182,1875.0,1,4.4,5.0,0.75,0.25
1,183,1735.0,1,5.0,5.6,0.5,0.5
1,185,1597.0,1,5.0,5.7,0.75,0.25
1,187,1490.9999999999998,0,5.6,5.0,0.25,0.75
1,188,735.0,1,5.0,5.5,0.5,0.5
1,189,1695.0,0,5.0,4.5,0.5,0.5
1,190,1497.0,1,5.4,5.0,0.75,0.25
1,191,1978.0000000000002,1,5.4,5.0,0.25,0.75
1,192,1626.9999999999998,0,4.5,5.0,0.5,0.5
1,195,1010.9999999999999,0,5.7,5.0,0.25,0.75
1,196,1218.0,0,5.0,4.3,0.75,0.25
1,199,1345.9999999999998,0,5.5,5.0,0.75,0.25
1,200,1581.9999999999998,0,5.0,4.5,0.5,0.5
1,201,1450.0,1,5.0,5.6,0.5,0.5
1,202,797.9999999999999,0,5.7,5.0,0.75,0.25
1,203,1349.0,1,5.0,5.7,0.5,0.5
1,205,1559.0000000000002,0,5.6,5.0,0.75,0.25
1,207,1255.0,0,5.0,4.4,0.25,0.75
1,208,1742.0,0,5.0,4.4,0.75,0.25
1,209,1954.0,1,5.0,5.5,0.75,0.25
2,23,2012.0,1,5.0,5.4,0.5,0.5
2,24,2661.0,1,5.0,5.3,0.75,0.25
2,25,1266.0,1,5.0,4.7,0.25,0.75
2,27,1137.0,1,4.9,5.0,0.5,0.5
2,28,1374.0,1,5.0,4.9,0.75,0.25
2,29,1486.9999999999998,1,5.0,5.2,0.75,0.25
2,30,1474.0,0,5.0,4.7,0.25,0.75
2,35,1412.0,0,5.0,4.5,0.5,0.5
2,36,1970.9999999999998,1,5.0,5.6,0.5,0.5
2,37,1507.0,1,5.0,5.5,0.5,0.5
2,38,1595.9999999999998,1,4.5,5.0,0.25,0.75
2,40,1768.0,1,4.5,5.0,0.75,0.25
2,41,1524.0,0,5.5,5.0,0.75,0.25
2,42,1925.0,1,5.0,5.4,0.25,0.75
2,45,1205.0,1,4.7,5.0,0.75,0.25
2,46,2370.0,0,5.0,5.2,0.5,0.5
2,49,1540.0,1,5.1,5.0,0.5,0.5
2,50,1690.9999999999998,1,5.0,5.2,0.25,0.75
2,51,1645.0,1,5.2,5.0,0.75,0.25
2,52,1820.0,1,5.0,4.9,0.25,0.75
2,54,1867.0,0,5.0,4.8,0.5,0.5
2,55,1758.0,1,5.0,4.9,0.5,0.5
2,57,1519.0000000000002,0,5.0,5.2,0.75,0.25
2,58,1976.0,1,5.0,5.3,0.75,0.25
2,59,1755.0,1,4.7,5.0,0.25,0.75
2,60,1131.0,1,5.2,5.0,0.75,0.25
2,62,1514.0,1,5.3,5.0,0.5,0.5
2,63,1449.0,0,5.0,5.2,0.75,0.25
2,66,1516.0,1,4.7,5.0,0.75,0.25
2,68,1751.9999999999998,1,5.0,5.3,0.25,0.75
2,69,1889.0,1,5.3,5.0,0.75,0.25
2,70,1962.0,0,5.4,5.0,0.25,0.75
2,71,1986.9999999999998,0,5.4,5.0,0.25,0.75
2,72,2291.0,0,5.0,4.7,0.25,0.75
2,73,1337.0,1,4.8,5.0,0.75,0.25
2,74,1446.9999999999998,1,4.8,5.0,0.25,0.75
2,75,1503.0,1,5.0,5.3,0.75,0.25
2,76,1595.9999999999998,0,5.4,5.0,0.75,0.25
2,78,1574.0,0,5.3,5.0,0.25,0.75
2,82,1660.0,1,5.1,5.0,0.75,0.25
2,83,1681.0,1,4.8,5.0,0.5,0.5
2,84,3134.0,1,4.8,5.0,0.5,0.5
2,85,1470.0,0,5.3,5.0,0.75,0.25
2,86,1480.9999999999998,1,5.0,5.3,0.25,0.75
2,87,1685.0,0,5.2,5.0,0.5,0.5
2,89,1870.0,0,5.0,4.8,0.25,0.75
2,90,1748.0000000000002,1,5.0,4.9,0.25,0.75
2,92,1344.0,0,5.0,4.8,0.5,0.5
2,93,1613.0000000000002,1,4.9,5.0,0.75,0.25
2,97,1460.0,1,4.9,5.0,0.75,0.25
2,99,1247.0,1,4.9,5.0,0.5,0.5
2,100,1450.9999999999998,1,5.0,5.1,0.25,0.75
2,101,1474.0,0,5.0,5.0,0.25,0.75
2,103,1464.0,0,5.1,5.0,0.5,0.5
2,104,1804.0,1,5.0,5.0,0.5,0.5
2,105,1361.0,1,4.9,5.0,0.25,0.75
2,106,1445.0,1,5.0,5.2,0.5,0.5
2,107,1144.0000000000002,1,4.8,5.0,0.5,0.5
2,109,1634.0000000000002,1,5.0,4.9,0.5,0.5
2,112,1485.0,1,4.7,5.0,0.75,0.25
2,113,1559.0000000000002,0,5.3,5.0,0.25,0.75
2,114,1396.0,1,5.2,5.0,0.75,0.25
2,115,1614.0,1,4.7,5.0,0.25,0.75
2,116,1778.0,1,5.0,5.3,0.5,0.5
2,117,1335.0,1,4.8,5.0,0.5,0.5
2,118,1334.0,0,5.0,5.2,0.5,0.5
2,119,1563.0000000000002,1,5.0,5.3,0.5,0.5
2,121,1253.0,0,4.8,5.0,0.75,0.25
2,125,1714.0,1,4.5,5.0,0.25,0.75
2,126,1813.0000000000002,1,4.6,5.0,0.25,0.75
2,127,1626.0,1,5.4,5.0,0.5,0.5
2,130,1723.0,0,5.4,5.0,0.5,0.5
2,132,2033.0,1,5.3,5.0,0.25,0.75
2,133,2884.0,1,4.6,5.0,0.25,0.75
2,134,1666.0,1,4.6,5.0,0.75,0.25
2,137,1147.0,1,4.6,5.0,0.5,0.5
2,139,1364.0,1,4.7,5.0,0.75,0.25
2,140,5376.0,0,5.2,5.0,0.75,0.25
2,141,3315.0,1,4.8,5.0,0.5,0.5
2,142,3563.0,1,4.9,5.0,0.25,0.75
2,143,4329.0,1,4.9,5.0,0.25,0.75
2,144,1424.0000000000002,1,5.0,5.1,0.25,0.75
2,145,1119.0,1,4.9,5.0,0.5,0.5
2,146,1117.9999999999998,1,5.0,5.0,0.75,0.25
2,150,2516.0,0,5.0,5.2,0.25,0.75
2,151,1414.0000000000002,1,5.3,5.0,0.75,0.25
2,152,1436.0,0,5.3,5.0,0.75,0.25
2,153,1376.9999999999998,1,5.2,5.0,0.5,0.5
2,154,1338.0,0,5.2,5.0,0.5,0.5
2,158,1848.0,0,5.3,5.0,0.75,0.25
2,159,1496.0,1,5.0,5.3,0.5,0.5
2,160,1354.0,1,5.0,5.2,0.75,0.25
2,161,1206.0,0,5.0,4.8,0.5,0.5
2,162,1656.0,0,5.0,4.7,0.25,0.75
2,163,1793.0000000000002,0,5.3,5.0,0.25,0.75
2,165,1595.9999999999998,0,4.8,5.0,0.75,0.25
2,166,1538.0,1,5.0,5.3,0.5,0.5
2,167,1578.0,0,5.3,5.0,0.25,0.75
2,169,1422.0,1,5.0,5.2,0.25,0.75
2,170,1363.0000000000002,1,5.0,5.1,0.75,0.25
2,171,1534.0,0,4.9,5.0,0.5,0.5
2,172,1420.0,1,5.0,5.0,0.25,0.75
2,174,1204.0,0,5.2,5.0,0.5,0.5
2,177,1281.0,1,5.0,5.3,0.5,0.5
2,178,1171.0,1,4.8,5.0,0.25,0.75
2,179,1306.0,1,4.8,5.0,0.75,0.25
2,180,1250.0,1,5.1,5.0,0.25,0.75
2,181,1969.0,1,5.0,5.2,0.25,0.75
2,182,1484.0,1,5.0,5.2,0.5,0.5
2,185,1065.9999999999998,0,5.2,5.0,0.25,0.75
2,186,893.0,1,5.0,5.2,0.25,0.75
2,187,1463.0,1,5.0,4.9,0.75,0.25
2,190,1768.0,1,4.7,5.0,0.5,0.5
2,191,880.0,1,5.2,5.0,0.25,0.75
2,194,1551.0,0,4.8,5.0,0.25,0.75
2,196,1290.0,1,5.0,5.3,0.25,0.75
2,197,1139.0,0,5.0,4.8,0.75,0.25
2,199,1353.0000000000002,1,5.0,5.3,0.25,0.75
2,201,1814.0,1,5.2,5.0,0.5,0.5
2,202,1294.0,1,4.7,5.0,0.25,0.75
2,203,1389.0,0,5.0,5.3,0.5,0.5
2,205,1725.0,0,5.0,4.7,0.5,0.5
2,207,1224.0,1,5.2,5.0,0.75,0.25
2,208,1817.0,0,5.3,5.0,0.25,0.75
2,209,1216.0,1,4.7,5.0,0.5,0.5
7,23,1466.9999999999998,1,4.3,5.0,0.5,0.5
7,24,1841.0,1,5.0,5.6,0.5,0.5
7,25,1579.0,1,5.0,5.6,0.75,0.25
7,26,1916.0,1,5.5,5.0,0.75,0.25
7,28,836.0,1,5.6,5.0,0.75,0.25
7,29,1550.0,0,5.0,4.3,0.5,0.5
7,30,1580.0,1,4.3,5.0,0.5,0.5
7,31,1777.0,1,4.4,5.0,0.75,0.25
7,32,2060.0,0,5.6,5.0,0.25,0.75
7,33,1091.0,1,5.0,5.5,0.5,0.5
7,34,815.0,1,5.5,5.0,0.75,0.25
7,37,2417.0,0,5.0,4.5,0.75,0.25
7,38,1993.0,1,5.0,4.5,0.75,0.25
7,39,1649.0,0,5.0,4.4,0.75,0.25
7,43,1831.0,1,5.0,5.8,0.25,0.75
7,44,1440.0,0,5.0,5.7,0.5,0.5
7,45,4467.0,0,5.8,5.0,0.5,0.5
7,48,1672.0,0,5.6,5.0,0.25,0.75
7,51,1864.0,0,4.3,5.0,0.5,0.5
7,52,2436.0,1,4.2,5.0,0.25,0.75
7,53,1434.0000000000002,0,5.8,5.0,0.25,0.75
7,54,1218.0,1,5.7,5.0,0.5,0.5
7,55,1383.0,0,5.8,5.0,0.75,0.25
7,57,6660.0,1,4.3,5.0,0.75,0.25
7,58,3763.0,1,5.7,5.0,0.5,0.5
7,59,5015.0,1,4.2,5.0,0.5,0.5
7,61,1893.0,0,5.0,4.3,0.75,0.25
7,62,1574.0,1,5.0,5.7,0.5,0.5
7,66,1740.0,1,4.5,5.0,0.75,0.25
7,68,3166.0000000000005,0,5.0,4.6,0.25,0.75
7,69,1811.9999999999998,0,4.7,5.0,0.5,0.5
7,70,2379.0,1,5.0,5.4,0.75,0.25
7,73,1621.0,0,5.0,4.4,0.75,0.25
7,75,1779.0000000000002,0,5.0,4.4,0.75,0.25
7,77,1485.0,1,5.0,5.7,0.5,0.5
7,78,816.0,1,5.0,5.6,0.75,0.25
7,79,1416.9999999999998,1,5.0,5.7,0.5,0.5
7,80,1932.0,0,5.7,5.0,0.5,0.5
7,81,1746.0,1,5.0,5.6,0.75,0.25
7,82,1746.0,1,5.0,5.6,0.75,0.25
7,83,1605.0,0,5.0,4.5,0.5,0.5
7,84,2225.0,0,5.0,4.5,0.25,0.75
7,85,1507.0,1,5.0,5.4,0.5,0.5
7,87,2336.0,1,5.0,5.3,0.25,0.75
7,89,1489.0,0,5.2,5.0,0.5,0.5
7,91,1936.0,0,5.0,4.7,0.5,0.5
7,92,2295.0,1,5.0,4.7,0.5,0.5
7,93,2021.0,1,5.0,5.4,0.25,0.75
7,94,1878.0,1,5.0,5.4,0.75,0.25
7,95,3235.0,1,5.0,4.7,0.5,0.5
7,96,3284.0,1,5.0,5.4,0.5,0.5
7,99,1656.0,1,5.0,5.6,0.75,0.25
7,100,1345.9999999999998,1,5.0,5.6,0.5,0.5
7,102,829.0000000000001,1,4.5,5.0,0.25,0.75
7,103,1474.0,0,5.4,5.0,0.25,0.75
7,105,2578.9999999999995,1,5.0,5.3,0.75,0.25
7,106,1523.0000000000002,1,4.8,5.0,0.5,0.5
7,108,1290.0,1,5.0,5.1,0.5,0.5
7,109,1363.0000000000002,0,5.0,5.0,0.25,0.75
7,111,2728.9999999999995,1,5.0,4.9,0.25,0.75
7,112,2181.0,1,5.2,5.0,0.75,0.25
7,113,1969.0,0,5.3,5.0,0.5,0.5
7,115,1462.0,0,5.4,5.0,0.75,0.25
7,118,1396.9999999999998,0,5.0,4.5,0.5,0.5
7,119,2929.0,1,4.6,5.0,0.5,0.5
7,121,3018.9999999999995,0,5.0,4.5,0.75,0.25
7,123,2647.0,1,5.4,5.0,0.75,0.25
7,124,3405.0,1,4.5,5.0,0.25,0.75
7,125,1635.0,1,5.0,5.5,0.75,0.25
7,126,1256.0,0,5.0,5.4,0.5,0.5
7,127,2658.0,0,5.0,4.5,0.5,0.5
7,128,1315.0,0,5.0,4.5,0.75,0.25
7,129,1925.0,1,5.0,5.5,0.75,0.25
7,131,1496.0,0,5.5,5.0,0.75,0.25
7,132,1695.0,1,5.0,5.4,0.25,0.75
7,134,1040.0,1,4.7,5.0,0.5,0.5
7,136,2180.0,0,5.0,4.8,0.75,0.25
7,138,1648.0000000000002,1,5.3,5.0,0.5,0.5
7,139,1567.0,1,4.6,5.0,0.75,0.25
7,141,1813.0000000000002,0,4.7,5.0,0.25,0.75
7,142,1628.0,0,5.4,5.0,0.5,0.5
7,143,1598.0,1,4.6,5.0,0.5,0.5
7,144,1465.0,1,5.0,5.3,0.25,0.75
7,145,1915.0,1,4.7,5.0,0.75,0.25
7,146,3733.0,1,4.8,5.0,0.25,0.75
7,148,1507.0,1,4.7,5.0,0.75,0.25
7,149,2018.0000000000002,0,4.7,5.0,0.25,0.75
7,151,1549.0000000000002,1,5.0,5.4,0.5,0.5
7,153,1578.0,1,4.7,5.0,0.5,0.5
7,154,2520.0,0,5.2,5.0,0.25,0.75
7,156,1725.0,0,5.0,4.6,0.75,0.25
7,158,1468.0000000000002,1,5.0,5.5,0.75,0.25
7,159,1425.0,1,5.0,4.6,0.5,0.5
7,162,1591.0,0,5.4,5.0,0.75,0.25
7,163,1892.0,0,5.0,4.6,0.5,0.5
7,165,976.0,0,5.5,5.0,0.25,0.75
7,166,1338.0,1,4.4,5.0,0.5,0.5
7,167,1908.0000000000002,1,5.0,5.6,0.75,0.25
7,168,3556.0,0,5.0,4.5,0.25,0.75
7,169,1769.0000000000002,0,5.5,5.0,0.25,0.75
7,171,1413.0,1,4.6,5.0,0.5,0.5
7,172,1663.0,1,4.7,5.0,0.5,0.5
7,173,3486.0,1,5.3,5.0,0.5,0.5
7,174,1444.0,0,4.8,5.0,0.5,0.5
7,175,1318.0,0,5.3,5.0,0.75,0.25
7,176,6081.0,0,5.0,4.7,0.75,0.25
7,177,1824.0,1,4.8,5.0,0.5,0.5
7,178,1456.9999999999998,1,4.8,5.0,0.5,0.5
7,179,2080.0,1,5.0,4.9,0.5,0.5
7,180,2103.0,0,5.2,5.0,0.75,0.25
7,181,1639.0,1,5.0,5.2,0.25,0.75
7,182,1770.0,1,4.9,5.0,0.25,0.75
7,190,1309.0000000000002,1,5.0,5.2,0.75,0.25
7,191,982.0,1,4.8,5.0,0.5,0.5
7,192,1519.0000000000002,1,5.1,5.0,0.25,0.75
9,23,3552.0,0,5.7,5.0,0.25,0.75
9,25,1320.0,1,4.4,5.0,0.5,0.5
9,26,3740.0,0,5.6,5.0,0.25,0.75
9,28,2586.9999999999995,1,5.0,5.5,0.75,0.25
9,29,1623.0000000000002,1,4.4,5.0,0.75,0.25
9,30,3540.0,1,5.5,5.0,0.75,0.25
9,31,1595.0,1,5.0,4.4,0.25,0.75
9,33,4352.0,0,5.7,5.0,0.5,0.5
9,34,2601.0000000000005,0,5.0,4.3,0.75,0.25
9,36,4414.0,1,4.4,5.0,0.5,0.5
9,39,2181.0,0,5.6,5.0,0.25,0.75
9,40,2057.0,0,5.0,4.5,0.5,0.5
9,41,2379.0,0,5.0,4.5,0.25,0.75
9,42,4635.0,0,5.4,5.0,0.25,0.75
9,44,2231.0,0,5.3,5.0,0.25,0.75
9,46,2415.0,0,5.2,5.0,0.25,0.75
9,47,2148.0,1,4.8,5.0,0.25,0.75
9,48,1932.0,0,4.9,5.0,0.75,0.25
9,49,2461.0,1,5.0,5.2,0.5,0.5
9,51,1392.0,0,5.0,4.7,0.5,0.5
9,52,2768.0000000000005,0,5.0,4.7,0.5,0.5
9,53,1781.0,0,5.0,4.6,0.25,0.75
9,55,3380.0,0,5.4,5.0,0.75,0.25
9,57,5561.0,1,5.3,5.0,0.25,0.75
9,58,2413.0000000000005,1,5.0,5.4,0.5,0.5
9,59,1936.0,1,5.4,5.0,0.75,0.25
9,60,2645.0,0,4.5,5.0,0.25,0.75
9,63,2074.0,1,5.7,5.0,0.75,0.25
9,64,1513.0000000000002,1,4.2,5.0,0.5,0.5
9,66,1795.0,1,5.0,5.9,0.25,0.75
9,67,2133.0,1,5.0,5.9,0.75,0.25
9,69,1306.0,1,4.2,5.0,0.75,0.25
9,70,2409.0000000000005,0,5.0,5.9,0.25,0.75
9,71,1970.9999999999998,0,5.0,4.0,0.25,0.75
9,73,2048.0,0,5.0,3.9,0.75,0.25
9,75,4512.0,1,4.0,5.0,0.75,0.25
9,76,2283.0,0,5.0,4.1,0.25,0.75
9,77,2199.0,0,5.9,5.0,0.25,0.75
9,80,2131.0,1,5.0,5.7,0.75,0.25
9,82,1390.0,0,4.2,5.0,0.5,0.5
9,83,2589.0,0,5.0,4.1,0.75,0.25
9,84,2640.0,0,5.9,5.0,0.5,0.5
9,86,5080.0,0,5.0,4.2,0.5,0.5
9,87,2626.0000000000005,0,5.0,4.3,0.25,0.75
9,88,2171.0,0,5.0,4.3,0.25,0.75
9,90,2583.0,1,4.2,5.0,0.75,0.25
9,93,3787.0,1,5.0,5.6,0.75,0.25
9,95,2508.0,0,5.0,4.3,0.25,0.75
9,96,2401.9999999999995,0,5.0,5.7,0.75,0.25
9,97,1629.0,1,5.0,5.8,0.75,0.25
9,99,3960.0,1,5.0,5.7,0.5,0.5
9,100,1526.0,1,5.0,5.7,0.25,0.75
9,102,5808.0,1,4.3,5.0,0.25,0.75
9,103,1597.0,0,4.3,5.0,0.25,0.75
9,104,1764.0,0,5.0,4.2,0.5,0.5
9,105,1823.0000000000002,0,4.2,5.0,0.5,0.5
9,106,2549.0,1,5.0,5.9,0.75,0.25
9,107,2583.9999999999995,1,4.1,5.0,0.25,0.75
9,108,1966.9999999999998,1,4.2,5.0,0.25,0.75
9,109,2440.0,1,5.0,5.8,0.75,0.25
9,111,1177.0,1,4.3,5.0,0.5,0.5
9,112,1922.0,1,5.0,5.8,0.5,0.5
9,113,1690.9999999999998,1,4.2,5.0,0.25,0.75
9,116,1364.0,1,5.0,5.8,0.75,0.25
9,117,1940.9999999999998,1,4.2,5.0,0.25,0.75
9,118,2551.0,0,5.7,5.0,0.5,0.5
9,119,1656.0,1,5.7,5.0,0.5,0.5
9,121,1456.0,0,5.0,4.2,0.25,0.75
9,122,6620.0,0,5.7,5.0,0.5,0.5
9,125,1722.0,0,5.6,5.0,0.25,0.75
9,127,1603.0000000000002,1,5.0,5.6,0.75,0.25
9,128,2219.0,0,5.0,5.6,0.25,0.75
9,129,1989.0,0,5.0,4.3,0.5,0.5
9,130,1980.0,0,5.0,4.3,0.25,0.75
9,131,2586.0000000000005,0,5.0,5.6,0.5,0.5
9,132,1825.9999999999998,0,5.0,4.3,0.25,0.75
9,134,1906.9999999999998,1,5.0,5.6,0.75,0.25
9,136,3387.0,0,4.5,5.0,0.25,0.75
9,139,2195.9999999999995,0,5.0,4.3,0.75,0.25
9,142,1197.0,1,5.0,5.8,0.25,0.75
9,143,2029.0,1,5.0,5.9,0.25,0.75
9,144,5545.0,0,5.0,4.1,0.5,0.5
9,145,1604.0,1,5.0,5.8,0.5,0.5
9,146,1248.0,1,4.2,5.0,0.5,0.5
9,148,1313.0000000000002,0,5.8,5.0,0.25,0.75
9,149,2675.0,1,4.1,5.0,0.5,0.5
9,150,4018.0,0,5.9,5.0,0.5,0.5
9,151,2171.9999999999995,0,5.8,5.0,0.5,0.5
9,152,2246.0,1,4.2,5.0,0.25,0.75
9,153,1928.0000000000002,0,5.9,5.0,0.5,0.5
9,154,2238.0,1,5.0,5.9,0.75,0.25
9,155,1891.0,0,5.0,4.2,0.25,0.75
9,156,2790.0,0,4.2,5.0,0.25,0.75
9,157,1696.9999999999998,1,5.0,5.9,0.75,0.25
9,160,2576.0,0,5.8,5.0,0.75,0.25
9,164,2443.0,0,5.0,5.9,0.75,0.25
9,166,4827.0,1,4.0,5.0,0.75,0.25
9,167,1791.0,0,5.0,4.1,0.5,0.5
9,169,1436.9999999999998,0,5.8,5.0,0.25,0.75
9,172,3191.9999999999995,1,5.0,5.7,0.75,0.25
9,173,3263.0,0,5.6,5.0,0.5,0.5
9,174,2070.0,1,5.0,5.6,0.75,0.25
9,179,1232.9999999999998,1,5.0,5.5,0.5,0.5
9,180,1708.0000000000002,0,5.4,5.0,0.5,0.5
9,181,3161.0,1,5.0,5.4,0.25,0.75
9,182,2241.0,1,5.0,4.5,0.75,0.25
9,183,3618.0000000000005,1,5.0,5.6,0.75,0.25
9,184,1561.0,1,5.0,5.6,0.5,0.5
9,185,1905.0,1,4.5,5.0,0.75,0.25
9,186,2938.9999999999995,1,4.5,5.0,0.75,0.25
9,187,1973.0,1,5.0,5.6,0.5,0.5
9,189,2056.0,0,5.7,5.0,0.25,0.75
9,190,1973.0,1,4.4,5.0,0.25,0.75
9,191,1747.0,1,4.4,5.0,0.5,0.5
9,193,1446.0,0,5.6,5.0,0.5,0.5
9,195,6056.0,0,5.5,5.0,0.75,0.25
9,197,1888.0000000000002,1,5.0,4.4,0.75,0.25
9,198,1801.0,1,4.3,5.0,0.25,0.75
9,199,3178.0,0,5.0,4.3,0.75,0.25
9,203,1571.9999999999998,0,4.3,5.0,0.5,0.5
9,204,1395.0,0,5.6,5.0,0.25,0.75
9,205,1137.0,1,5.6,5.0,0.25,0.75
9,206,4093.9999999999995,1,5.0,5.7,0.25,0.75
9,207,3961.9999999999995,1,5.7,5.0,0.5,0.5
9,209,1992.0,0,5.8,5.0,0.75,0.25
9,210,1605.9999999999998,0,5.0,4.3,0.5,0.5
10,22,2110.9999999999995,0,6.3,5.0,0.75,0.25
10,23,2565.0,1,5.0,6.2,0.75,0.25
10,27,2112.0,1,5.0,6.2,0.75,0.25
10,28,1521.0,1,5.0,6.3,0.5,0.5
10,29,1541.0,1,3.7,5.0,0.5,0.5
10,30,3319.0,0,6.2,5.0,0.25,0.75
10,33,1759.0000000000002,0,6.1,5.0,0.75,0.25
10,34,1611.9999999999998,1,4.0,5.0,0.75,0.25
10,36,2078.0000000000005,1,4.1,5.0,0.75,0.25
10,38,1361.0,1,4.2,5.0,0.5,0.5
10,39,3207.0,1,5.0,5.8,0.25,0.75
10,40,1601.9999999999998,0,5.7,5.0,0.75,0.25
10,41,1022.9999999999999,1,5.0,5.7,0.75,0.25
10,42,3663.0000000000005,0,5.0,4.2,0.75,0.25
10,43,2142.0,0,4.3,5.0,0.75,0.25
10,44,1876.0,1,4.2,5.0,0.75,0.25
10,45,1378.0,1,5.0,5.7,0.25,0.75
10,47,1583.0000000000002,0,5.6,5.0,0.75,0.25
10,48,3253.0,0,5.6,5.0,0.25,0.75
10,50,3697.0,0,5.5,5.0,0.25,0.75
10,51,4859.0,1,4.6,5.0,0.75,0.25
10,52,4840.0,0,5.4,5.0,0.5,0.5
10,53,3264.0,1,5.0,5.3,0.25,0.75
10,54,2454.0,0,5.0,5.2,0.75,0.25
10,59,7468.0,1,5.1,5.0,0.25,0.75
10,61,2420.0,0,5.0,4.8,0.75,0.25
10,62,11082.0,1,5.0,4.9,0.5,0.5
10,63,2328.0000000000005,1,4.8,5.0,0.75,0.25
10,65,2363.0,0,5.0,5.3,0.5,0.5
10,66,5561.0,1,5.4,5.0,0.5,0.5
10,67,3970.0,0,4.5,5.0,0.75,0.25
10,68,1430.0,0,5.0,4.4,0.5,0.5
10,69,2403.0,0,5.6,5.0,0.25,0.75
10,71,1815.9999999999998,1,5.0,5.5,0.5,0.5
10,72,1643.0,1,5.0,4.6,0.25,0.75
10,74,1929.0,1,5.5,5.0,0.5,0.5
10,78,1343.0000000000002,0,5.8,5.0,0.5,0.5
10,79,3615.0,1,5.0,5.8,0.25,0.75
10,80,1645.0,1,4.3,5.0,0.75,0.25
10,81,2084.0,1,4.3,5.0,0.25,0.75
10,83,1946.9999999999998,1,5.5,5.0,0.75,0.25
10,84,2768.0000000000005,0,5.0,4.4,0.5,0.5
10,86,1690.0,1,5.6,5.0,0.5,0.5
10,87,1571.0,1,4.4,5.0,0.25,0.75
10,88,1565.9999999999998,1,4.5,5.0,0.25,0.75
10,89,2377.0,1,4.5,5.0,0.75,0.25
10,90,2578.0000000000005,1,5.0,5.4,0.25,0.75
10,91,1454.0,0,5.4,5.0,0.75,0.25
10,92,1804.0,1,5.3,5.0,0.25,0.75
10,93,2751.0000000000005,0,5.3,5.0,0.75,0.25
10,96,1976.9999999999998,0,5.4,5.0,0.5,0.5
10,97,1290.0,1,5.0,4.6,0.5,0.5
10,98,1674.0000000000002,1,5.0,5.5,0.75,0.25
10,100,3703.9999999999995,1,5.4,5.0,0.75,0.25
10,103,2100.0,1,5.0,4.6,0.25,0.75
10,104,1669.0,1,4.5,5.0,0.25,0.75
10,106,1591.9999999999998,0,5.4,5.0,0.75,0.25
10,107,1490.9999999999998,0,5.4,5.0,0.25,0.75
10,108,11227.0,1,5.0,5.3,0.75,0.25
10,109,3017.0,0,5.0,4.7,0.5,0.5
10,111,1618.0,0,5.0,4.7,0.25,0.75
10,113,2636.0,0,4.8,5.0,0.5,0.5
10,116,1169.0,1,5.0,5.5,0.5,0.5
10,117,1509.0000000000002,1,4.5,5.0,0.75,0.25
10,118,1712.0,1,4.6,5.0,0.25,0.75
10,120,2210.0,1,5.0,5.5,0.5,0.5
10,121,1355.9999999999998,1,4.5,5.0,0.75,0.25
10,122,1110.0,1,4.6,5.0,0.75,0.25
10,123,9594.0,1,5.0,5.4,0.75,0.25
10,126,2394.0,0,5.0,4.6,0.75,0.25
10,127,765.0,1,5.0,4.5,0.75,0.25
10,128,4269.0,1,4.5,5.0,0.25,0.75
10,129,7459.0,1,5.0,4.6,0.25,0.75
10,130,2736.0,0,4.5,5.0,0.75,0.25
10,131,7597.0,1,4.4,5.0,0.5,0.5
10,132,2173.0,0,5.6,5.0,0.75,0.25
10,135,907.0,1,4.6,5.0,0.5,0.5
10,136,4003.9999999999995,1,4.5,5.0,0.5,0.5
10,138,1455.0,1,5.0,4.4,0.5,0.5
10,140,2748.0,1,4.3,5.0,0.75,0.25
10,143,1716.0,0,5.5,5.0,0.75,0.25
10,144,2958.0,1,4.5,5.0,0.25,0.75
10,146,810.0,0,5.0,4.5,0.25,0.75
10,147,1305.0,0,5.0,4.4,0.75,0.25
10,148,1360.0,1,4.4,5.0,0.75,0.25
10,149,1736.0,1,5.5,5.0,0.75,0.25
10,150,1345.0,0,5.0,5.6,0.75,0.25
10,152,2984.0,0,5.0,4.3,0.5,0.5
10,153,1875.0,0,5.0,5.6,0.75,0.25
10,154,1137.0,1,4.4,5.0,0.25,0.75
10,156,2195.9999999999995,0,5.5,5.0,0.25,0.75
10,158,2620.0,1,5.0,5.4,0.25,0.75
10,159,1815.0,1,5.0,4.7,0.25,0.75
10,160,1960.0,1,5.4,5.0,0.25,0.75
10,163,1348.0,1,4.6,5.0,0.75,0.25
10,165,1325.0,0,4.4,5.0,0.25,0.75
10,166,4075.0,0,4.3,5.0,0.75,0.25
10,167,1453.0,0,5.7,5.0,0.75,0.25
10,170,1349.0,1,5.0,4.3,0.75,0.25
10,171,2526.0,0,5.0,5.8,0.5,0.5
10,172,3611.0,1,5.0,5.9,0.5,0.5
10,175,1301.9999999999998,1,5.0,4.2,0.25,0.75
10,176,2373.0,0,5.9,5.0,0.5,0.5
10,177,5169.0,1,4.1,5.0,0.5,0.5
10,178,1358.0,0,5.8,5.0,0.75,0.25
10,179,2400.0,0,5.0,4.2,0.25,0.75
10,180,2714.0,0,5.0,4.3,0.75,0.25
10,181,1730.9999999999998,1,5.0,5.8,0.5,0.5
10,184,2228.0,0,4.4,5.0,0.25,0.75
10,186,1761.0,0,5.7,5.0,0.25,0.75
10,187,1143.0,0,5.7,5.0,0.5,0.5
10,189,2444.0,0,5.0,4.4,0.25,0.75
10,191,1247.0,0,5.0,5.5,0.75,0.25
10,193,1285.0,1,4.6,5.0,0.75,0.25
10,195,2108.0,1,5.0,5.3,0.25,0.75
10,198,3085.0,1,5.0,5.3,0.25,0.75
10,199,1933.0,0,4.7,5.0,0.5,0.5
10,200,2128.0,1,5.0,5.4,0.5,0.5
10,201,1689.0,1,5.0,5.4,0.25,0.75
10,203,1867.0,0,5.3,5.0,0.75,0.25
10,204,1174.0000000000002,1,5.0,5.2,0.25,0.75
10,206,1264.0,1,5.0,4.9,0.25,0.75
10,207,10954.0,1,4.9,5.0,0.25,0.75
10,208,1370.0,1,5.0,5.0,0.5,0.5
10,209,3626.0000000000005,1,5.1,5.0,0.25,0.75
10,210,1478.0000000000002,1,5.2,5.0,0.25,0.75
11,25,1931.0,1,5.0,5.8,0.25,0.75
11,26,2055.0,1,5.0,4.3,0.25,0.75
11,27,1702.0,1,5.0,4.2,0.25,0.75
11,28,1523.0000000000002,0,5.0,4.1,0.75,0.25
11,29,1405.0,0,6.0,5.0,0.5,0.5
11,30,2627.0,0,6.0,5.0,0.25,0.75
11,31,2485.0,0,5.0,3.9,0.25,0.75
11,32,2535.0,1,5.0,3.9,0.25,0.75
11,33,1516.0,1,5.0,6.2,0.75,0.25
11,36,1938.0000000000002,1,6.1,5.0,0.5,0.5
11,37,1479.0,0,5.0,4.0,0.25,0.75
11,40,1222.9999999999998,0,6.0,5.0,0.75,0.25
11,41,1499.0,0,6.0,5.0,0.5,0.5
11,42,1240.9999999999998,0,5.0,4.1,0.25,0.75
11,43,1391.0,0,5.0,4.1,0.25,0.75
11,44,888.0,0,5.8,5.0,0.5,0.5
11,49,1726.9999999999998,0,5.0,4.2,0.75,0.25
11,52,1876.9999999999998,1,4.4,5.0,0.5,0.5
11,54,3188.9999999999995,0,5.0,5.5,0.75,0.25
11,55,1595.0,1,5.0,5.6,0.25,0.75
11,56,1545.0,0,4.4,5.0,0.25,0.75
11,57,1318.0,0,5.7,5.0,0.5,0.5
11,58,1476.0,1,5.0,5.8,0.5,0.5
11,59,3508.0,1,5.0,5.8,0.75,0.25
11,60,1544.0,0,5.0,4.3,0.25,0.75
11,61,1678.0000000000002,1,5.0,5.6,0.25,0.75
11,62,1825.9999999999998,1,5.0,5.6,0.75,0.25
11,63,1202.0,0,5.0,5.5,0.25,0.75
11,65,2198.0,0,5.0,4.4,0.75,0.25
11,67,1669.0,0,5.0,4.5,0.25,0.75
11,69,2354.0,0,5.0,5.5,0.25,0.75
11,70,1216.0,0,5.6,5.0,0.75,0.25
11,71,1258.0,1,4.4,5.0,0.5,0.5
11,73,1376.0,0,4.4,5.0,0.75,0.25
11,74,3340.0,1,5.0,5.7,0.75,0.25
11,75,2207.0,0,5.6,5.0,0.5,0.5
11,76,1341.0,0,5.6,5.0,0.5,0.5
11,77,1465.0,1,5.0,5.5,0.25,0.75
11,78,1398.0000000000002,1,4.3,5.0,0.75,0.25
11,79,1645.0,0,5.0,4.2,0.25,0.75
11,82,1676.9999999999998,0,5.0,4.3,0.75,0.25
11,83,1254.0,1,5.0,5.6,0.5,0.5
11,85,1334.0,1,5.7,5.0,0.25,0.75
11,86,1381.0,1,5.0,5.8,0.25,0.75
11,87,1460.9999999999998,0,5.0,4.2,0.25,0.75
11,88,1688.0000000000002,1,5.0,5.9,0.75,0.25
11,90,1740.9999999999998,0,5.8,5.0,0.25,0.75
11,93,1723.0,1,5.0,5.7,0.75,0.25
11,94,1709.0,1,5.0,5.6,0.5,0.5
11,95,1976.9999999999998,1,5.0,5.6,0.75,0.25
11,96,1406.9999999999998,0,5.0,5.5,0.75,0.25
11,98,1183.0,0,5.6,5.0,0.5,0.5
11,99,1376.9999999999998,1,4.5,5.0,0.25,0.75
11,100,633.0,1,4.5,5.0,0.5,0.5
11,103,1690.0,1,5.0,5.5,0.5,0.5
11,104,1400.0,0,5.5,5.0,0.75,0.25
11,107,3049.0,1,4.7,5.0,0.25,0.75
11,109,1541.0,1,5.0,4.8,0.25,0.75
11,110,2306.0,1,5.0,5.3,0.75,0.25
11,111,1689.0,1,5.3,5.0,0.75,0.25
11,112,1214.0,1,4.8,5.0,0.25,0.75
11,115,1718.0000000000002,1,4.6,5.0,0.75,0.25
11,117,1655.0,0,5.3,5.0,0.5,0.5
11,118,2233.0,1,5.0,4.8,0.5,0.5
11,119,1378.0,1,5.2,5.0,0.25,0.75
11,120,1911.0,1,5.0,5.3,0.25,0.75
11,121,1361.9999999999998,1,5.4,5.0,0.5,0.5
11,122,1990.0,0,5.0,5.4,0.5,0.5
11,124,1476.9999999999998,0,5.5,5.0,0.75,0.25
11,126,1422.0,0,5.0,4.4,0.75,0.25
11,127,1370.0,0,5.5,5.0,0.5,0.5
11,128,1574.0,1,5.0,4.5,0.25,0.75
11,130,1646.0,1,4.5,5.0,0.75,0.25
11,131,821.0,0,5.0,4.6,0.75,0.25
11,132,2349.0,0,5.5,5.0,0.75,0.25
11,133,1591.0,0,4.5,5.0,0.75,0.25
11,134,1611.0,1,4.6,5.0,0.75,0.25
11,135,1738.0000000000002,0,5.0,4.6,0.5,0.5
11,136,1829.0,0,5.0,4.7,0.5,0.5
11,137,3371.0000000000005,1,5.0,5.3,0.75,0.25
11,141,2168.0,0,5.0,5.2,0.25,0.75
11,144,1515.0,1,4.7,5.0,0.25,0.75
11,145,1168.0,0,5.0,5.2,0.25,0.75
11,146,1565.9999999999998,0,4.8,5.0,0.25,0.75
11,148,1273.0,0,5.4,5.0,0.75,0.25
11,151,1710.9999999999998,1,5.0,5.5,0.75,0.25
11,153,1232.9999999999998,0,5.6,5.0,0.25,0.75
11,154,1070.0,0,5.0,4.5,0.5,0.5
11,155,2033.0,1,5.0,4.4,0.25,0.75
11,156,1258.0,0,5.0,4.3,0.75,0.25
11,157,1992.0,1,5.0,5.7,0.25,0.75
11,158,1679.0,1,4.4,5.0,0.25,0.75
11,160,1266.0,1,5.0,4.2,0.25,0.75
11,161,2768.0000000000005,0,5.0,4.2,0.5,0.5
11,162,1609.0,0,5.0,4.3,0.25,0.75
11,163,1443.0,1,5.0,5.7,0.25,0.75
11,167,1843.0000000000002,0,4.4,5.0,0.75,0.25
11,168,1763.0000000000002,0,4.3,5.0,0.25,0.75
11,171,1655.0,1,5.0,5.7,0.25,0.75
11,172,1599.0,1,4.2,5.0,0.25,0.75
11,174,1605.9999999999998,1,5.9,5.0,0.5,0.5
11,176,1676.9999999999998,0,5.8,5.0,0.25,0.75
11,177,1425.0,1,5.0,5.7,0.5,0.5
11,178,1848.0,1,5.0,5.7,0.5,0.5
11,179,1945.0,0,5.8,5.0,0.5,0.5
11,181,2816.9999999999995,1,5.0,5.7,0.25,0.75
11,182,1815.9999999999998,0,4.3,5.0,0.75,0.25
11,184,1561.0,1,5.0,5.7,0.25,0.75
11,185,1465.0,0,5.7,5.0,0.25,0.75
11,186,1626.0,1,5.0,4.4,0.5,0.5
11,187,2433.0000000000005,1,4.5,5.0,0.5,0.5
11,189,1610.0,0,5.0,4.6,0.75,0.25
11,190,1776.0,1,5.0,4.7,0.75,0.25
11,192,1571.0,0,4.8,5.0,0.75,0.25
11,193,1615.0,1,5.2,5.0,0.5,0.5
11,195,1663.0,0,5.0,4.9,0.5,0.5
11,197,1497.0,0,4.9,5.0,0.5,0.5
11,198,2165.0,0,5.2,5.0,0.5,0.5
11,200,2195.0,1,4.6,5.0,0.5,0.5
11,202,1999.0,0,5.7,5.0,0.5,0.5
11,203,1396.9999999999998,0,5.0,5.7,0.75,0.25
11,204,1555.0,1,5.0,4.4,0.25,0.75
11,206,6287.000000000001,0,5.7,5.0,0.25,0.75
11,207,1350.0,1,5.0,4.3,0.5,0.5
11,209,2374.0,0,5.0,5.6,0.25,0.75
11,210,1611.9999999999998,1,5.5,5.0,0.75,0.25
13,22,1777.0,0,5.0,4.1,0.75,0.25
13,24,2104.0,1,4.2,5.0,0.75,0.25
13,25,5487.0,0,5.7,5.0,0.75,0.25
13,26,8246.0,0,5.7,5.0,0.25,0.75
13,28,1406.0,0,5.0,4.4,0.75,0.25
13,29,708.0,0,5.0,5.5,0.25,0.75
13,31,4673.999999999999,1,4.3,5.0,0.25,0.75
13,33,1062.0,1,4.2,5.0,0.75,0.25
13,35,1738.0000000000002,0,5.7,5.0,0.5,0.5
13,36,1613.0000000000002,1,5.0,5.7,0.75,0.25
13,37,3502.0,0,5.6,5.0,0.25,0.75
13,38,3430.0,0,4.4,5.0,0.75,0.25
13,40,1663.0,0,5.0,4.2,0.75,0.25
13,41,1486.0,0,5.0,5.8,0.25,0.75
13,43,1189.0,0,5.8,5.0,0.25,0.75
13,44,1956.0,1,5.0,5.9,0.75,0.25
13,45,1363.0000000000002,1,4.1,5.0,0.5,0.5
13,46,3305.0,0,5.8,5.0,0.25,0.75
13,48,1876.9999999999998,0,5.9,5.0,0.75,0.25
13,49,2847.0,0,5.9,5.0,0.75,0.25
13,50,1748.0000000000002,0,5.0,4.2,0.5,0.5
13,52,1256.0,0,5.7,5.0,0.25,0.75
13,56,1400.0,1,4.5,5.0,0.25,0.75
13,57,4861.000000000001,0,5.5,5.0,0.5,0.5
13,58,3958.9999999999995,0,5.0,4.6,0.75,0.25
13,60,1516.0,1,5.0,4.7,0.25,0.75
13,61,4843.0,0,5.3,5.0,0.75,0.25
13,62,1113.0,0,5.0,5.2,0.5,0.5
13,65,5282.0,0,4.8,5.0,0.75,0.25
13,66,3175.0,0,5.3,5.0,0.5,0.5
13,67,5073.0,0,5.3,5.0,0.5,0.5
13,69,5991.000000000001,0,5.0,4.7,0.5,0.5
13,71,3897.0,0,5.0,4.8,0.75,0.25
13,72,6088.999999999999,0,5.0,5.3,0.5,0.5
13,74,5863.0,1,5.0,5.4,0.25,0.75
13,75,1375.0,0,5.0,4.6,0.25,0.75
13,76,2811.0000000000005,1,5.0,5.5,0.5,0.5
13,77,1650.0,0,5.6,5.0,0.25,0.75
13,79,2345.0,1,4.5,5.0,0.5,0.5
13,80,4202.0,1,5.0,5.5,0.75,0.25
13,82,2222.0,0,5.4,5.0,0.25,0.75
13,83,2001.0,1,5.0,5.3,0.25,0.75
13,85,1027.0000000000002,0,5.0,4.8,0.25,0.75
13,86,1276.0,0,4.8,5.0,0.5,0.5
13,87,8721.0,0,4.7,5.0,0.75,0.25
13,88,3034.0,0,5.0,4.6,0.25,0.75
13,89,5409.0,0,5.0,4.6,0.25,0.75
13,90,9457.0,0,5.0,5.3,0.75,0.25
13,93,3005.0,0,5.5,5.0,0.75,0.25
13,94,2743.0000000000005,1,5.5,5.0,0.75,0.25
13,95,1962.0,1,5.0,5.6,0.75,0.25
13,97,2631.9999999999995,0,5.0,4.3,0.5,0.5
13,99,7156.000000000001,0,5.6,5.0,0.25,0.75
13,100,3928.0,0,5.0,4.4,0.25,0.75
13,102,6819.0,1,5.0,5.5,0.5,0.5
13,103,6867.000000000001,1,4.6,5.0,0.25,0.75
13,106,2292.0,0,4.7,5.0,0.5,0.5
13,113,6552.000000000001,1,5.5,5.0,0.5,0.5
13,114,8597.000000000002,0,5.6,5.0,0.5,0.5
13,115,5770.0,1,5.6,5.0,0.5,0.5
13,116,17326.0,1,5.0,5.5,0.5,0.5
13,117,4040.0,1,4.5,5.0,0.5,0.5
13,118,1105.0,0,4.4,5.0,0.5,0.5
13,119,8347.999999999998,1,4.3,5.0,0.25,0.75
13,120,3118.0000000000005,0,5.0,4.3,0.25,0.75
13,121,7647.0,1,4.4,5.0,0.25,0.75
13,122,4893.0,1,5.0,4.4,0.5,0.5
13,123,3089.0,0,5.0,4.3,0.25,0.75
13,125,12046.0,1,5.8,5.0,0.25,0.75
13,126,3426.0,0,5.9,5.0,0.75,0.25
13,127,5414.0,1,5.0,5.9,0.5,0.5
13,129,1134.0000000000002,1,4.2,5.0,0.75,0.25
13,131,5443.0,0,5.0,4.1,0.25,0.75
13,132,2252.0,1,5.0,5.8,0.5,0.5
13,133,3871.0000000000005,1,4.1,5.0,0.25,0.75
13,135,8812.000000000002,0,5.8,5.0,0.25,0.75
13,137,2401.0,1,4.1,5.0,0.75,0.25
13,138,3541.0000000000005,0,5.0,4.0,0.25,0.75
13,139,974.0000000000001,1,5.0,6.1,0.75,0.25
13,140,877.0,0,5.0,3.9,0.25,0.75
13,141,5686.0,1,5.0,6.2,0.75,0.25
13,142,4803.999999999999,1,5.0,6.2,0.5,0.5
13,145,2262.0,0,5.0,4.0,0.5,0.5
13,147,4160.0,1,5.0,5.9,0.5,0.5
13,149,3043.9999999999995,1,5.0,5.8,0.25,0.75
13,150,4140.0,1,4.2,5.0,0.25,0.75
13,152,4111.000000000001,1,4.3,5.0,0.5,0.5
13,153,3984.0,1,5.0,5.6,0.75,0.25
13,154,2776.0000000000005,1,5.0,5.6,0.25,0.75
13,156,4720.0,1,5.0,5.7,0.75,0.25
13,158,7305.0,0,4.3,5.0,0.5,0.5
13,160,5700.0,0,5.0,4.2,0.75,0.25
13,162,4971.0,0,5.8,5.0,0.75,0.25
13,163,5043.0,0,5.8,5.0,0.25,0.75
13,164,2340.9999999999995,1,4.3,5.0,0.75,0.25
13,165,2548.0,0,5.0,4.2,0.75,0.25
13,166,2189.0,1,4.2,5.0,0.5,0.5
13,168,2710.0,1,4.3,5.0,0.5,0.5
13,169,1733.0,0,5.0,4.4,0.5,0.5
13,170,6065.0,1,5.0,5.6,0.25,0.75
13,172,4998.0,1,4.2,5.0,0.5,0.5
13,173,8109.0,1,5.0,5.8,0.75,0.25
13,175,4546.0,1,5.0,4.3,0.5,0.5
13,177,1290.0,1,5.6,5.0,0.5,0.5
13,179,2925.0,1,5.0,5.7,0.75,0.25
13,182,2420.0,0,4.5,5.0,0.75,0.25
13,183,4489.0,1,4.4,5.0,0.25,0.75
13,184,1998.0000000000002,1,5.0,5.6,0.75,0.25
13,185,1205.0,1,4.5,5.0,0.75,0.25
13,186,3042.0,1,5.0,5.5,0.25,0.75
13,187,1319.0,1,4.6,5.0,0.75,0.25
13,189,2340.9999999999995,1,5.0,5.5,0.25,0.75
13,190,1084.0,0,4.5,5.0,0.5,0.5
13,191,3828.9999999999995,0,5.6,5.0,0.25,0.75
13,194,5798.999999999999,1,5.0,5.5,0.25,0.75
13,195,1518.0,1,5.4,5.0,0.5,0.5
13,196,8497.0,0,5.0,4.6,0.75,0.25
13,197,4284.0,1,5.0,4.7,0.5,0.5
13,198,5210.0,0,5.0,4.7,0.25,0.75
13,199,3461.9999999999995,1,4.8,5.0,0.25,0.75
13,200,18373.0,1,5.0,5.3,0.75,0.25
13,201,4437.0,1,5.0,4.7,0.25,0.75
13,203,2633.0,0,5.0,4.6,0.5,0.5
13,205,6580.0,1,5.0,5.3,0.5,0.5
13,207,2790.0,0,5.0,5.4,0.5,0.5
13,210,1921.0,1,5.4,5.0,0.5,0.5
14,26,1588.0,0,5.0,4.7,0.25,0.75
14,27,1738.0000000000002,0,5.0,4.8,0.75,0.25
14,28,1452.0,0,5.0,4.8,0.25,0.75
14,30,1518.0,1,5.0,4.8,0.75,0.25
14,31,2214.0,1,5.3,5.0,0.25,0.75
14,33,2284.0000000000005,1,5.0,5.4,0.5,0.5
14,34,1999.0,1,5.0,4.7,0.75,0.25
14,35,7013.999999999999,1,4.6,5.0,0.75,0.25
14,36,4867.0,0,5.0,5.4,0.75,0.25
14,37,1393.0,0,5.0,4.5,0.5,0.5
14,39,3011.0,0,5.4,5.0,0.25,0.75
14,40,2260.0,1,5.0,5.4,0.75,0.25
14,41,7822.0,1,4.5,5.0,0.5,0.5
14,42,3574.0,0,5.0,4.5,0.75,0.25
14,43,2144.0,0,5.4,5.0,0.75,0.25
14,45,2540.0,0,5.5,5.0,0.75,0.25
14,46,1449.0,0,5.0,4.4,0.25,0.75
14,47,1831.9999999999998,0,5.0,5.6,0.75,0.25
14,48,1715.0,0,5.7,5.0,0.5,0.5
14,49,2379.0,1,4.3,5.0,0.75,0.25
14,50,2525.0,1,4.4,5.0,0.25,0.75
14,51,2173.0,1,5.6,5.0,0.75,0.25
14,53,2425.0,0,5.0,4.5,0.5,0.5
14,55,2601.0000000000005,0,5.0,4.5,0.75,0.25
14,56,1482.0,1,4.5,5.0,0.75,0.25
14,57,1540.0,0,4.6,5.0,0.25,0.75
14,59,3586.9999999999995,1,5.0,5.5,0.25,0.75
14,62,1803.0000000000002,1,5.0,5.3,0.25,0.75
14,64,2518.0000000000005,0,5.0,4.6,0.25,0.75
14,66,1575.0,1,4.7,5.0,0.5,0.5
14,67,1575.0,0,5.2,5.0,0.25,0.75
14,72,3786.0,0,5.0,4.4,0.5,0.5
14,73,1863.0000000000002,0,5.0,4.5,0.75,0.25
14,74,1714.0,1,5.0,5.5,0.75,0.25
14,76,1476.0,1,4.6,5.0,0.5,0.5
14,77,4838.999999999999,0,5.5,5.0,0.5,0.5
14,78,1458.0000000000002,0,5.5,5.0,0.5,0.5
14,80,2235.9999999999995,0,5.5,5.0,0.25,0.75
14,81,2050.0,0,5.4,5.0,0.75,0.25
14,82,3293.9999999999995,1,4.6,5.0,0.25,0.75
14,83,1659.0,0,5.3,5.0,0.5,0.5
14,84,1561.9999999999998,0,5.0,4.7,0.75,0.25
14,85,1645.0,0,4.8,5.0,0.5,0.5
14,86,1688.0000000000002,0,5.3,5.0,0.75,0.25
14,87,1681.0,0,5.0,4.7,0.5,0.5
14,88,1868.0,0,5.0,5.2,0.5,0.5
14,89,1378.0,0,5.3,5.0,0.75,0.25
14,90,2318.0,1,5.0,5.3,0.75,0.25
14,91,2135.0,0,5.0,4.8,0.5,0.5
14,92,2208.0,0,4.8,5.0,0.75,0.25
14,93,2001.9999999999998,0,5.0,5.3,0.75,0.25
14,96,2044.0,0,4.7,5.0,0.75,0.25
14,98,1751.9999999999998,1,4.6,5.0,0.75,0.25
14,99,2203.0000000000005,0,5.0,5.3,0.5,0.5
14,103,3098.9999999999995,1,5.0,5.5,0.25,0.75
14,105,2415.0,1,4.4,5.0,0.5,0.5
14,106,1803.0000000000002,1,4.4,5.0,0.75,0.25
14,108,1757.0,0,5.5,5.0,0.25,0.75
14,109,2166.0,0,5.4,5.0,0.25,0.75
14,110,2327.0,1,4.6,5.0,0.5,0.5
14,111,1398.0000000000002,0,5.0,5.3,0.75,0.25
14,112,1496.0,1,4.7,5.0,0.25,0.75
14,114,2161.0,1,4.8,5.0,0.25,0.75
14,116,1423.0,0,4.8,5.0,0.5,0.5
14,118,1926.9999999999998,1,5.3,5.0,0.5,0.5
14,120,1462.0,0,5.4,5.0,0.5,0.5
14,121,1400.0,0,5.0,4.7,0.25,0.75
14,122,2307.0,1,4.7,5.0,0.75,0.25
14,124,2708.0,1,5.0,5.2,0.5,0.5
14,126,5375.0,0,5.1,5.0,0.75,0.25
14,127,1400.0,0,5.0,5.0,0.25,0.75
14,129,1848.0,0,5.1,5.0,0.5,0.5
14,130,1654.0000000000002,0,5.0,5.0,0.5,0.5
14,131,1361.0,0,5.0,4.9,0.5,0.5
14,132,2065.0,1,5.0,4.9,0.25,0.75
14,133,1296.0,0,5.0,4.8,0.75,0.25
14,134,3339.0,1,5.0,5.2,0.75,0.25
14,136,3441.9999999999995,0,5.0,4.6,0.25,0.75
14,139,2408.0,1,4.6,5.0,0.5,0.5
14,142,4987.0,1,4.8,5.0,0.75,0.25
14,143,1993.0,1,5.2,5.0,0.5,0.5
14,145,2578.0000000000005,1,4.7,5.0,0.75,0.25
14,146,1615.9999999999998,0,5.2,5.0,0.75,0.25
14,147,2853.0,0,5.0,5.2,0.25,0.75
14,148,1791.9999999999998,0,5.0,4.7,0.75,0.25
14,149,1529.0000000000002,0,5.0,4.7,0.75,0.25
14,150,1590.0,1,5.0,4.8,0.75,0.25
14,151,1715.0,0,5.3,5.0,0.75,0.25
14,154,1784.0,0,5.0,4.7,0.25,0.75
14,155,2640.0,1,5.0,5.3,0.75,0.25
14,158,2656.0,0,5.0,5.1,0.25,0.75
14,159,1530.0,0,5.2,5.0,0.25,0.75
14,161,3166.0000000000005,1,5.0,5.3,0.5,0.5
14,162,2544.0,0,5.4,5.0,0.25,0.75
14,164,4204.0,1,5.0,5.5,0.5,0.5
14,166,3497.0,0,5.4,5.0,0.5,0.5
14,167,4989.0,1,4.6,5.0,0.5,0.5
14,168,4543.0,1,5.3,5.0,0.75,0.25
14,169,2086.0,0,5.3,5.0,0.75,0.25
14,170,1631.0,0,5.0,4.8,0.75,0.25
14,172,3377.0,0,5.0,4.9,0.75,0.25
14,174,1788.0,0,5.0,5.0,0.75,0.25
14,176,1229.0,1,5.1,5.0,0.25,0.75
14,177,1145.0,0,4.8,5.0,0.75,0.25
14,180,1690.0,1,5.0,5.4,0.5,0.5
14,181,2097.0,0,5.0,4.6,0.75,0.25
14,182,3148.0,0,5.3,5.0,0.5,0.5
14,183,1654.0000000000002,0,5.0,5.3,0.25,0.75
14,184,3418.9999999999995,0,5.0,4.6,0.5,0.5
14,185,2444.0,1,5.0,5.4,0.75,0.25
14,186,5617.999999999999,1,4.5,5.0,0.25,0.75
14,189,5524.0,1,4.6,5.0,0.25,0.75
14,192,1966.9999999999998,1,5.0,5.4,0.5,0.5
14,193,2001.0,1,4.6,5.0,0.5,0.5
14,194,2391.0,0,5.0,4.7,0.5,0.5
14,195,1648.0000000000002,1,5.3,5.0,0.5,0.5
14,196,1609.0,0,5.4,5.0,0.75,0.25
14,197,1426.9999999999998,1,5.0,5.4,0.75,0.25
14,198,2981.9999999999995,1,5.0,5.3,0.75,0.25
14,202,1791.0,1,5.0,5.5,0.25,0.75
14,203,3199.0,0,5.0,5.4,0.25,0.75
14,204,1962.0,1,5.0,5.5,0.5,0.5
14,206,2862.0,0,5.4,5.0,0.75,0.25
14,207,1996.0,1,5.0,5.4,0.75,0.25
14,208,3697.0,1,5.0,5.5,0.75,0.25
14,210,2275.0,1,5.0,4.6,0.75,0.25
15,23,1408.0000000000002,0,5.8,5.0,0.5,0.5
15,24,1583.0000000000002,0,5.0,4.3,0.25,0.75
15,25,1095.9999999999998,0,5.8,5.0,0.5,0.5
15,26,1339.0,1,4.2,5.0,0.5,0.5
15,27,1254.0,0,5.7,5.0,0.5,0.5
15,29,1345.9999999999998,1,5.6,5.0,0.25,0.75
15,32,1232.9999999999998,1,4.4,5.0,0.75,0.25
15,33,1386.9999999999998,1,4.4,5.0,0.5,0.5
15,34,1415.0,1,5.0,5.5,0.25,0.75
15,37,1720.0,0,5.0,4.4,0.25,0.75
15,38,1341.0,0,5.7,5.0,0.25,0.75
15,39,1321.9999999999998,0,5.0,4.3,0.25,0.75
15,41,1238.0,1,5.0,4.4,0.75,0.25
15,42,1331.9999999999998,1,4.3,5.0,0.5,0.5
15,43,1123.0,1,4.3,5.0,0.5,0.5
15,44,1645.0,1,5.0,5.6,0.25,0.75
15,45,1325.0,0,5.6,5.0,0.5,0.5
15,48,1415.0,0,4.6,5.0,0.25,0.75
15,49,1374.0,1,4.6,5.0,0.5,0.5
15,50,1311.0,0,5.3,5.0,0.75,0.25
15,52,1317.0,1,5.0,4.5,0.5,0.5
15,53,1289.0000000000002,0,5.6,5.0,0.25,0.75
15,54,1367.0,0,5.6,5.0,0.25,0.75
15,55,1271.0,1,5.0,5.5,0.5,0.5
15,57,1432.0,1,5.0,5.6,0.5,0.5
15,58,1359.0,1,4.4,5.0,0.75,0.25
15,59,1325.9999999999998,0,5.7,5.0,0.75,0.25
15,62,1222.0,0,5.0,5.6,0.25,0.75
15,64,1590.0,1,5.7,5.0,0.5,0.5
15,66,1504.0,1,4.2,5.0,0.75,0.25
15,68,1906.0,1,5.0,5.7,0.75,0.25
15,69,1428.0000000000002,1,5.0,5.6,0.75,0.25
15,70,1431.0,1,4.4,5.0,0.25,0.75
15,72,1180.0,1,5.0,5.5,0.5,0.5
15,73,1303.0000000000002,1,5.0,4.6,0.75,0.25
15,74,1136.0,1,5.4,5.0,0.25,0.75
15,75,1434.0000000000002,0,5.5,5.0,0.75,0.25
15,77,1232.0,0,5.4,5.0,0.5,0.5
15,79,1327.0,0,5.0,5.3,0.5,0.5
15,82,1676.9999999999998,0,5.5,5.0,0.5,0.5
15,83,4405.0,0,5.0,4.5,0.5,0.5
15,84,1452.0,0,5.4,5.0,0.75,0.25
15,85,1319.0,0,5.0,5.4,0.25,0.75
15,86,1197.0,1,4.5,5.0,0.75,0.25
15,87,1278.0,0,5.5,5.0,0.25,0.75
15,89,1348.0,1,5.0,5.5,0.5,0.5
15,92,1444.0,0,5.5,5.0,0.25,0.75
15,93,1148.0,0,5.0,4.5,0.75,0.25
15,95,1160.0,0,5.5,5.0,0.25,0.75
15,96,1434.0000000000002,1,4.5,5.0,0.25,0.75
15,97,1415.0,1,5.0,5.4,0.75,0.25
15,98,1213.0,0,5.0,4.6,0.75,0.25
15,99,1449.0,1,5.0,5.3,0.5,0.5
15,100,1173.0,1,5.0,5.4,0.75,0.25
15,103,1372.0,1,5.0,5.3,0.75,0.25
15,104,1790.0,1,5.2,5.0,0.25,0.75
15,106,2166.0,1,5.0,5.3,0.75,0.25
15,108,1379.0,1,5.0,5.3,0.25,0.75
15,111,1559.0000000000002,1,5.3,5.0,0.25,0.75
15,113,1690.0,0,5.4,5.0,0.25,0.75
15,114,1063.0,0,4.7,5.0,0.25,0.75
15,117,1303.0000000000002,1,5.0,5.5,0.5,0.5
15,118,1354.0,1,5.4,5.0,0.25,0.75
15,119,1348.0,1,5.0,5.5,0.5,0.5
15,120,1361.0,1,5.0,5.5,0.75,0.25
15,121,1101.0,1,4.6,5.0,0.5,0.5
15,122,1736.0,0,4.6,5.0,0.5,0.5
15,123,1706.9999999999998,1,5.0,5.5,0.75,0.25
15,124,1311.9999999999998,0,5.0,4.4,0.25,0.75
15,126,1518.0,0,5.0,4.5,0.75,0.25
15,127,1351.0,0,5.5,5.0,0.5,0.5
15,128,1335.0,0,5.4,5.0,0.5,0.5
15,130,1446.0,0,4.7,5.0,0.75,0.25
15,132,1386.9999999999998,1,4.6,5.0,0.75,0.25
15,134,2049.0,1,5.0,5.4,0.75,0.25
15,136,1376.0,0,5.3,5.0,0.5,0.5
15,137,1119.0,1,5.0,4.7,0.25,0.75
15,138,1380.0,0,5.0,4.6,0.75,0.25
15,139,1554.0,1,5.0,5.4,0.5,0.5
15,140,1531.9999999999998,0,4.7,5.0,0.75,0.25
15,142,1639.0,0,5.2,5.0,0.25,0.75
15,143,1406.9999999999998,1,5.0,4.8,0.25,0.75
15,144,1650.0,0,5.0,4.7,0.5,0.5
15,147,1331.9999999999998,1,5.0,5.4,0.25,0.75
15,148,1328.0,1,5.0,4.7,0.5,0.5
15,149,1406.0,0,5.4,5.0,0.75,0.25
15,151,1218.0,1,5.0,5.3,0.5,0.5
15,152,1331.9999999999998,0,5.3,5.0,0.5,0.5
15,153,1351.0,1,5.0,4.8,0.5,0.5
15,154,1510.0,1,4.7,5.0,0.25,0.75
15,159,1030.0,0,5.4,5.0,0.5,0.5
15,160,1788.0,1,5.5,5.0,0.25,0.75
15,161,1361.0,0,5.6,5.0,0.75,0.25
15,162,1421.0,1,4.4,5.0,0.5,0.5
15,164,1463.0,0,5.5,5.0,0.75,0.25
15,165,1285.0,1,5.0,5.4,0.25,0.75
15,166,1183.0,1,5.4,5.0,0.25,0.75
15,167,1213.0,0,5.0,4.5,0.75,0.25
15,170,1398.0000000000002,1,5.0,4.5,0.5,0.5
15,171,1436.0,1,4.4,5.0,0.75,0.25
15,172,1087.0,1,4.4,5.0,0.5,0.5
15,173,1344.0,1,4.5,5.0,0.75,0.25
15,175,1363.0000000000002,0,5.6,5.0,0.75,0.25
15,176,1710.9999999999998,0,5.6,5.0,0.75,0.25
15,178,1301.9999999999998,0,5.0,5.5,0.5,0.5
15,180,1334.0,1,5.6,5.0,0.5,0.5
15,181,1694.0,1,5.0,5.7,0.25,0.75
15,182,1575.0,1,4.3,5.0,0.75,0.25
15,183,1084.0,0,5.6,5.0,0.5,0.5
15,187,3553.0,0,5.6,5.0,0.5,0.5
15,188,2199.0,0,5.0,4.5,0.25,0.75
15,189,1654.0000000000002,1,4.5,5.0,0.5,0.5
15,190,1310.0,1,5.0,5.4,0.5,0.5
15,191,1315.9999999999998,1,4.6,5.0,0.5,0.5
15,192,1334.0,0,5.3,5.0,0.25,0.75
15,194,1317.0,0,5.0,4.8,0.25,0.75
15,195,1323.0000000000002,1,5.2,5.0,0.5,0.5
15,197,1589.0,0,5.0,4.6,0.75,0.25
15,199,1644.0000000000002,1,5.0,5.3,0.75,0.25
15,200,1960.0,0,5.3,5.0,0.75,0.25
15,202,1430.0,0,4.8,5.0,0.25,0.75
15,203,1450.0,0,4.7,5.0,0.75,0.25
15,204,1439.0,0,5.4,5.0,0.75,0.25
15,205,1436.9999999999998,1,4.6,5.0,0.5,0.5
15,208,1234.0,1,5.2,5.0,0.5,0.5
15,210,1994.0,0,5.0,4.6,0.25,0.75
17,24,2102.0,0,5.0,3.9,0.75,0.25
17,25,1328.0,0,6.0,5.0,0.25,0.75
17,26,1696.9999999999998,0,6.0,5.0,0.25,0.75
17,27,1379.0,0,5.9,5.0,0.75,0.25
17,28,2075.0,0,5.9,5.0,0.5,0.5
17,29,2295.0,0,5.8,5.0,0.75,0.25
17,30,1881.0,0,5.0,4.2,0.25,0.75
17,32,1718.0000000000002,0,5.0,4.2,0.75,0.25
17,33,2348.0000000000005,0,5.8,5.0,0.25,0.75
17,35,1726.0,1,5.9,5.0,0.75,0.25
17,36,1523.0000000000002,0,5.0,4.0,0.75,0.25
17,37,1406.9999999999998,1,5.0,3.9,0.5,0.5
17,38,1780.0,0,6.2,5.0,0.75,0.25
17,41,5172.000000000001,1,3.5,5.0,0.75,0.25
17,43,1585.0,1,5.0,6.4,0.75,0.25
17,45,5792.999999999999,0,5.0,3.7,0.5,0.5
17,46,2008.0,1,3.8,5.0,0.25,0.75
17,47,1229.0,0,6.3,5.0,0.25,0.75
17,49,1575.9999999999998,1,5.0,6.2,0.25,0.75
17,50,3503.0,1,5.0,6.2,0.25,0.75
17,51,2722.0,1,3.9,5.0,0.5,0.5
17,52,1817.0,1,3.8,5.0,0.75,0.25
17,53,2697.0,0,5.0,3.8,0.5,0.5
17,54,2040.0,0,5.0,3.7,0.25,0.75
17,58,2576.0,1,5.0,6.1,0.5,0.5
17,59,3550.0,0,5.0,3.9,0.25,0.75
17,60,4235.0,1,4.0,5.0,0.75,0.25
17,62,2181.0,1,5.9,5.0,0.5,0.5
17,64,1381.0,1,5.0,6.1,0.25,0.75
17,65,1848.0,1,5.0,6.1,0.5,0.5
17,66,2960.0,1,4.0,5.0,0.75,0.25
17,68,2211.9999999999995,0,6.1,5.0,0.75,0.25
17,69,2228.0,1,6.0,5.0,0.75,0.25
17,73,1965.0,1,5.0,6.0,0.75,0.25
17,74,1325.0,0,5.0,3.9,0.75,0.25
17,75,1101.0,1,3.9,5.0,0.5,0.5
17,76,1553.0000000000002,1,5.0,6.0,0.25,0.75
17,77,2054.0000000000005,0,5.0,4.0,0.75,0.25
17,80,1581.9999999999998,1,4.0,5.0,0.5,0.5
17,81,1781.9999999999998,0,5.0,3.9,0.75,0.25
17,82,1215.0,1,3.9,5.0,0.5,0.5
17,83,1466.0,0,6.0,5.0,0.5,0.5
17,85,1595.9999999999998,0,5.9,5.0,0.75,0.25
17,87,1703.0,0,5.8,5.0,0.75,0.25
17,88,1226.0,1,5.0,5.8,0.25,0.75
17,89,965.0,1,5.0,5.7,0.5,0.5
17,90,2065.0,1,5.0,5.8,0.75,0.25
17,91,1428.0000000000002,0,4.2,5.0,0.5,0.5
17,92,2276.0,0,5.9,5.0,0.75,0.25
17,93,2039.0000000000002,1,5.0,6.0,0.25,0.75
17,95,1996.0,1,4.1,5.0,0.25,0.75
17,96,1664.0000000000002,1,4.1,5.0,0.25,0.75
17,97,2503.0,1,4.0,5.0,0.25,0.75
17,100,1575.9999999999998,0,5.0,3.9,0.25,0.75
17,102,1976.0,1,3.8,5.0,0.75,0.25
17,104,1503.0,0,6.1,5.0,0.25,0.75
17,106,2121.0,1,5.0,6.0,0.5,0.5
17,107,2263.0,0,5.9,5.0,0.25,0.75
17,108,1764.0,1,5.0,5.9,0.5,0.5
17,109,1355.0,1,4.2,5.0,0.25,0.75
17,110,1381.0,0,5.8,5.0,0.75,0.25
17,111,1567.0,1,5.0,5.7,0.25,0.75
17,113,1291.0,0,5.8,5.0,0.75,0.25
17,117,1926.0,1,4.2,5.0,0.5,0.5
17,118,1758.0,0,4.3,5.0,0.5,0.5
17,119,4630.0,1,5.0,5.8,0.5,0.5
17,120,1469.0,1,5.8,5.0,0.5,0.5
17,122,1754.0,1,5.0,6.0,0.5,0.5
17,123,1700.0,1,5.0,6.0,0.5,0.5
17,125,2159.0000000000005,1,5.0,5.9,0.75,0.25
17,130,1585.9999999999998,1,5.0,5.9,0.25,0.75
17,132,1990.0,0,6.1,5.0,0.25,0.75
17,133,3966.0,0,5.0,3.9,0.25,0.75
17,135,1608.0,0,6.0,5.0,0.5,0.5
17,137,1706.9999999999998,0,6.2,5.0,0.5,0.5
17,138,2256.9999999999995,0,6.3,5.0,0.25,0.75
17,140,1545.0,1,3.8,5.0,0.75,0.25
17,141,2207.0,0,6.2,5.0,0.5,0.5
17,142,1818.0,1,3.9,5.0,0.75,0.25
17,143,5302.000000000001,1,6.1,5.0,0.25,0.75
17,144,2117.0,0,4.0,5.0,0.75,0.25
17,145,1876.9999999999998,1,5.0,6.1,0.25,0.75
17,146,3433.9999999999995,1,3.9,5.0,0.5,0.5
17,147,2262.0,0,5.0,4.0,0.25,0.75
17,148,1227.0,1,5.0,6.0,0.75,0.25
17,149,1690.9999999999998,0,5.0,4.1,0.25,0.75
17,151,2227.0,0,5.0,4.2,0.75,0.25
17,152,2195.0,0,5.0,4.2,0.75,0.25
17,153,1328.0,0,5.7,5.0,0.25,0.75
17,154,2511.0,0,5.8,5.0,0.25,0.75
17,155,2086.0,1,5.8,5.0,0.5,0.5
17,156,2948.0,0,5.0,4.3,0.25,0.75
17,158,4003.0,1,5.0,5.8,0.25,0.75
17,159,6095.0,1,5.0,5.8,0.5,0.5
17,162,3253.0,1,4.4,5.0,0.75,0.25
17,163,4899.0,0,5.0,4.4,0.5,0.5
17,164,12693.0,1,4.5,5.0,0.25,0.75
17,165,1581.9999999999998,1,5.0,5.5,0.75,0.25
17,169,1492.0,0,5.5,5.0,0.25,0.75
17,173,2521.0,0,4.6,5.0,0.75,0.25
17,174,1955.0,1,4.6,5.0,0.5,0.5
17,175,4213.999999999999,1,4.7,5.0,0.5,0.5
17,178,4708.0,1,4.5,5.0,0.75,0.25
17,180,8748.0,0,5.0,5.4,0.75,0.25
17,181,8985.0,1,5.0,5.5,0.25,0.75
17,182,3557.0,0,5.0,4.5,0.5,0.5
17,183,1765.0,0,5.4,5.0,0.75,0.25
17,184,1895.0,0,5.4,5.0,0.25,0.75
17,185,4717.0,1,4.7,5.0,0.25,0.75
17,186,1614.0,0,4.6,5.0,0.25,0.75
17,187,2831.0000000000005,1,5.0,4.5,0.5,0.5
17,189,1458.0000000000002,0,5.0,4.4,0.5,0.5
17,191,3461.9999999999995,1,4.3,5.0,0.5,0.5
17,192,1396.0,1,5.0,5.8,0.75,0.25
17,193,1924.0000000000002,0,5.8,5.0,0.5,0.5
17,195,1771.0,0,5.0,4.2,0.75,0.25
17,196,1980.9999999999998,0,5.8,5.0,0.75,0.25
17,197,1327.0,0,5.0,5.7,0.25,0.75
17,198,4611.000000000001,0,5.0,5.8,0.75,0.25
17,200,3161.0,0,5.7,5.0,0.25,0.75
17,201,4751.0,0,5.0,4.3,0.25,0.75
17,204,2372.0,0,5.8,5.0,0.75,0.25
17,205,1857.0,1,4.2,5.0,0.25,0.75
17,206,1735.0,1,5.0,5.7,0.5,0.5
17,208,3671.9999999999995,1,5.0,5.6,0.25,0.75
17,209,1537.0,0,5.0,4.3,0.75,0.25
18,22,1679.0,0,5.7,5.0,0.5,0.5
18,23,1257.0000000000002,0,5.0,4.3,0.5,0.5
18,25,1655.0,1,4.4,5.0,0.75,0.25
18,26,1575.9999999999998,0,5.0,5.5,0.5,0.5
18,27,1454.0,1,5.6,5.0,0.25,0.75
18,28,1476.0,1,5.0,5.7,0.75,0.25
18,29,1891.0,1,5.0,5.7,0.5,0.5
18,31,1145.0,0,5.0,4.4,0.25,0.75
18,33,1535.0,0,5.5,5.0,0.75,0.25
18,35,1430.0,0,5.0,5.4,0.75,0.25
18,36,1700.9999999999998,0,5.0,4.7,0.25,0.75
18,38,1476.0,1,5.0,4.6,0.25,0.75
18,40,1156.0,0,5.0,4.5,0.5,0.5
18,42,1337.0,0,5.5,5.0,0.25,0.75
18,44,1796.0,1,5.0,5.4,0.25,0.75
18,45,5927.000000000001,1,5.0,5.4,0.75,0.25
18,46,1960.0,0,5.5,5.0,0.5,0.5
18,47,5707.000000000001,0,5.5,5.0,0.25,0.75
18,48,6547.999999999999,1,5.0,5.4,0.75,0.25
18,49,4720.0,1,5.0,5.4,0.75,0.25
18,50,4621.0,1,4.7,5.0,0.25,0.75
18,52,1331.0,1,5.2,5.0,0.5,0.5
18,53,2815.0,1,5.0,5.3,0.75,0.25
18,55,2162.0,0,5.0,5.4,0.25,0.75
18,57,1861.0,0,5.4,5.0,0.25,0.75
18,58,5400.0,1,5.0,5.4,0.25,0.75
18,60,3000.0,1,5.0,4.7,0.75,0.25
18,63,1690.9999999999998,0,5.0,4.7,0.25,0.75
18,64,1389.0,1,5.3,5.0,0.75,0.25
18,65,1549.0000000000002,1,4.6,5.0,0.75,0.25
18,67,1626.9999999999998,0,5.0,4.7,0.5,0.5
18,69,1261.0,0,5.0,4.6,0.5,0.5
18,70,2125.0,1,5.0,4.6,0.5,0.5
18,71,1462.0,0,5.3,5.0,0.25,0.75
18,72,1861.9999999999998,1,5.0,5.3,0.75,0.25
18,73,3244.0,1,5.0,4.8,0.5,0.5
18,75,2214.0,1,5.3,5.0,0.75,0.25
18,78,1446.9999999999998,0,5.5,5.0,0.5,0.5
18,79,1821.9999999999998,1,5.0,5.4,0.75,0.25
18,80,1520.0,1,4.5,5.0,0.75,0.25
18,81,1413.0,0,5.6,5.0,0.5,0.5
18,83,1679.0,1,4.5,5.0,0.75,0.25
18,85,2253.0,1,4.6,5.0,0.75,0.25
18,89,1534.0,1,4.5,5.0,0.5,0.5
18,90,1774.0,1,4.5,5.0,0.25,0.75
18,91,1392.0,0,4.6,5.0,0.5,0.5
18,93,1329.0,1,4.4,5.0,0.5,0.5
18,95,1278.0,1,5.5,5.0,0.5,0.5
18,97,1301.0,1,5.0,5.6,0.75,0.25
18,99,1117.9999999999998,0,5.6,5.0,0.5,0.5
18,100,1466.9999999999998,1,5.0,5.6,0.25,0.75
18,101,1419.0,0,5.0,4.5,0.5,0.5
18,102,1210.9999999999998,1,5.0,5.5,0.75,0.25
18,103,1345.9999999999998,0,5.0,4.4,0.25,0.75
18,104,1271.0,0,5.6,5.0,0.25,0.75
18,105,1328.0,0,5.5,5.0,0.75,0.25
18,106,1190.0,0,4.5,5.0,0.25,0.75
18,109,1615.0,0,5.6,5.0,0.75,0.25
18,110,1321.9999999999998,0,5.0,4.4,0.25,0.75
18,112,1672.0,1,4.5,5.0,0.25,0.75
18,113,1277.0000000000002,1,4.6,5.0,0.25,0.75
18,114,2603.0,0,5.5,5.0,0.5,0.5
18,115,1139.0,0,5.5,5.0,0.25,0.75
18,117,2822.0,1,5.6,5.0,0.5,0.5
18,118,1538.0,0,5.0,4.5,0.25,0.75
18,120,1299.0000000000002,0,5.4,5.0,0.5,0.5
18,121,1526.0,0,5.4,5.0,0.75,0.25
18,122,1319.0,0,5.5,5.0,0.75,0.25
18,123,1097.0,0,5.5,5.0,0.75,0.25
18,125,1476.9999999999998,0,5.0,4.3,0.5,0.5
18,127,1285.0,1,5.0,5.6,0.25,0.75
18,128,1219.0,0,5.6,5.0,0.25,0.75
18,129,1343.0000000000002,1,5.0,5.7,0.5,0.5
18,135,1168.0,1,4.4,5.0,0.75,0.25
18,136,1381.0,1,5.0,5.6,0.75,0.25
18,138,1413.0,0,5.0,4.5,0.25,0.75
18,139,1251.0,1,5.0,5.4,0.75,0.25
18,140,1497.0,1,4.6,5.0,0.25,0.75
18,141,1358.0,1,5.0,5.3,0.25,0.75
18,142,5061.0,1,5.3,5.0,0.75,0.25
18,143,1430.0,1,5.2,5.0,0.5,0.5
18,144,2326.0,1,4.7,5.0,0.25,0.75
18,145,1486.9999999999998,0,5.0,4.7,0.5,0.5
18,146,1158.0,1,5.4,5.0,0.5,0.5
18,148,1184.0000000000002,0,5.0,4.4,0.5,0.5
18,149,1281.0,0,5.0,4.4,0.25,0.75
18,151,1414.0000000000002,1,5.0,5.5,0.5,0.5
18,152,1363.0000000000002,1,5.0,4.6,0.25,0.75
18,153,1264.0,1,5.0,5.5,0.5,0.5
18,154,1109.0,0,5.0,4.5,0.75,0.25
18,156,1281.9999999999998,0,5.0,5.4,0.75,0.25
18,157,1541.0,0,5.5,5.0,0.25,0.75
18,158,1725.0,0,5.0,5.6,0.25,0.75
18,160,1764.0,1,4.5,5.0,0.75,0.25
18,161,1179.0,0,5.0,4.5,0.25,0.75
18,164,1710.9999999999998,1,5.5,5.0,0.25,0.75
18,165,1419.0,0,5.6,5.0,0.75,0.25
18,168,1284.0,1,5.0,5.6,0.25,0.75
18,169,1620.0,1,4.4,5.0,0.5,0.5
18,170,1390.0,1,4.5,5.0,0.5,0.5
18,171,1340.0,1,5.0,5.5,0.5,0.5
18,172,1093.0,0,5.4,5.0,0.5,0.5
18,174,5223.0,1,5.0,4.5,0.5,0.5
18,175,1683.0,1,5.0,4.4,0.5,0.5
18,178,1406.0,0,5.8,5.0,0.25,0.75
18,179,1192.0,1,4.2,5.0,0.25,0.75
18,180,1519.0000000000002,0,5.0,4.3,0.5,0.5
18,182,1450.9999999999998,0,5.0,4.4,0.5,0.5
18,184,1390.0,1,5.0,4.5,0.75,0.25
18,185,1465.0,1,4.5,5.0,0.75,0.25
18,186,1386.9999999999998,1,5.4,5.0,0.25,0.75
18,188,1411.0,0,4.7,5.0,0.5,0.5
18,190,1431.0,1,5.0,4.6,0.75,0.25
18,191,1335.9999999999998,0,5.5,5.0,0.75,0.25
18,192,1547.0,0,5.0,4.5,0.25,0.75
18,193,1488.0000000000002,1,5.0,5.4,0.25,0.75
18,194,1361.9999999999998,1,5.0,5.4,0.25,0.75
18,195,1655.0,0,4.7,5.0,0.75,0.25
18,198,1330.0,1,5.0,4.7,0.5,0.5
18,202,1196.0,1,4.4,5.0,0.75,0.25
18,203,1328.0,1,5.0,5.5,0.25,0.75
18,205,1463.0,1,5.0,4.4,0.5,0.5
18,206,1331.9999999999998,1,5.0,5.6,0.75,0.25
18,207,1266.0,0,5.5,5.0,0.25,0.75
18,208,1392.0,1,4.5,5.0,0.75,0.25
18,209,1456.0,1,4.6,5.0,0.5,0.5
19,22,1520.0,0,6.0,5.0,0.75,0.25
19,23,1386.0,0,5.9,5.0,0.25,0.75
19,24,2626.0000000000005,1,5.0,5.9,0.5,0.5
19,25,1392.0,1,5.0,5.8,0.5,0.5
19,28,3993.0000000000005,1,5.7,5.0,0.5,0.5
19,29,1373.0000000000002,0,5.0,4.2,0.75,0.25
19,32,1790.0,1,5.0,4.3,0.25,0.75
19,33,2380.0,0,5.0,4.2,0.5,0.5
19,34,1738.0000000000002,1,5.0,5.8,0.75,0.25
19,35,1320.0,1,4.3,5.0,0.5,0.5
19,36,2373.0,1,5.0,4.3,0.75,0.25
19,37,1383.0,0,5.6,5.0,0.5,0.5
19,38,1646.0,1,5.0,5.6,0.5,0.5
19,42,875.9999999999999,1,5.0,5.8,0.5,0.5
19,43,1790.0,0,5.0,4.2,0.25,0.75
19,45,3635.0,1,5.0,4.3,0.25,0.75
19,46,3145.0,1,5.0,5.8,0.5,0.5
19,47,1700.0,0,5.8,5.0,0.5,0.5
19,48,1373.0000000000002,0,5.0,4.3,0.25,0.75
19,50,963.0,1,5.0,5.6,0.5,0.5
19,51,2303.0,1,4.4,5.0,0.75,0.25
19,54,1528.0,0,5.4,5.0,0.25,0.75
19,55,2687.0,1,5.0,5.5,0.25,0.75
19,56,1413.0,0,5.0,4.5,0.75,0.25
19,58,1546.0,1,5.0,5.4,0.75,0.25
19,60,4921.0,0,4.7,5.0,0.25,0.75
19,61,1933.0,1,4.8,5.0,0.5,0.5
19,62,1237.0,0,5.0,4.8,0.25,0.75
19,66,1418.0000000000002,1,4.7,5.0,0.25,0.75
19,67,1767.0,0,5.3,5.0,0.75,0.25
19,68,2540.0,1,4.6,5.0,0.25,0.75
19,69,1388.0000000000002,0,5.0,4.6,0.75,0.25
19,70,1500.0,1,5.0,4.5,0.25,0.75
19,71,1169.0,1,5.0,5.5,0.25,0.75
19,72,4519.0,1,5.0,5.4,0.25,0.75
19,73,1280.0,0,5.0,4.6,0.5,0.5
19,74,2260.0,1,5.3,5.0,0.5,0.5
19,75,1468.0000000000002,1,4.6,5.0,0.25,0.75
19,78,1265.0,1,5.0,4.7,0.75,0.25
19,79,1598.0,1,4.6,5.0,0.5,0.5
19,80,1490.9999999999998,1,5.0,4.6,0.5,0.5
19,84,2177.0,0,5.5,5.0,0.25,0.75
19,85,1225.0,1,4.5,5.0,0.25,0.75
19,87,1406.0,0,5.0,4.4,0.25,0.75
19,88,960.0,1,5.0,5.5,0.25,0.75
19,90,2013.0,1,5.0,5.4,0.75,0.25
19,92,1331.9999999999998,1,4.7,5.0,0.75,0.25
19,95,2803.0,0,5.6,5.0,0.25,0.75
19,96,1351.9999999999998,1,5.0,5.7,0.75,0.25
19,97,1281.0,1,5.0,5.7,0.5,0.5
19,98,1294.0,1,5.0,5.6,0.75,0.25
19,99,1681.0,1,4.4,5.0,0.5,0.5
19,100,744.0000000000001,1,4.5,5.0,0.5,0.5
19,101,2465.9999999999995,1,5.5,5.0,0.5,0.5
19,104,1799.0000000000002,1,4.3,5.0,0.5,0.5
19,105,1634.0000000000002,0,5.7,5.0,0.25,0.75
19,106,742.0,1,4.4,5.0,0.5,0.5
19,109,1226.0,1,5.0,5.5,0.75,0.25
19,110,1357.0,0,5.4,5.0,0.75,0.25
19,111,1490.9999999999998,0,4.5,5.0,0.25,0.75
19,112,1550.0,0,5.6,5.0,0.25,0.75
19,115,1452.0,1,4.4,5.0,0.75,0.25
19,116,1070.0,1,4.4,5.0,0.25,0.75
19,117,1075.0,0,5.0,4.5,0.75,0.25
19,119,1121.0,0,5.6,5.0,0.75,0.25
19,121,1685.0,1,5.0,4.5,0.5,0.5
19,122,1439.0,1,5.0,5.6,0.75,0.25
19,123,2004.0,1,5.0,5.7,0.75,0.25
19,125,1202.0,0,5.0,4.4,0.5,0.5
19,126,1396.0,0,5.6,5.0,0.5,0.5
19,127,1383.0,1,5.0,5.5,0.5,0.5
19,128,1311.9999999999998,1,4.4,5.0,0.5,0.5
19,132,1976.0,1,4.6,5.0,0.25,0.75
19,133,1315.9999999999998,1,5.0,4.6,0.5,0.5
19,134,3173.0,0,5.0,4.7,0.75,0.25
19,136,824.0000000000001,0,4.8,5.0,0.75,0.25
19,137,2995.0,0,5.0,5.3,0.5,0.5
19,138,1823.0000000000002,0,5.3,5.0,0.25,0.75
19,139,1279.0000000000002,1,5.0,5.4,0.25,0.75
19,140,2299.0,1,5.0,5.4,0.75,0.25
19,141,839.0000000000001,0,5.3,5.0,0.75,0.25
19,142,1980.9999999999998,1,5.0,4.7,0.75,0.25
19,145,2598.0000000000005,0,5.0,4.7,0.75,0.25
19,147,1226.0,0,4.5,5.0,0.25,0.75
19,148,1896.0,0,5.5,5.0,0.25,0.75
19,149,1128.0,1,4.6,5.0,0.75,0.25
19,150,1044.0,1,5.4,5.0,0.75,0.25
19,151,3788.9999999999995,0,5.3,5.0,0.75,0.25
19,152,1317.0,0,5.0,4.7,0.5,0.5
19,153,727.0,1,4.8,5.0,0.25,0.75
19,154,1093.0,0,5.2,5.0,0.25,0.75
19,157,1376.0,1,5.0,5.2,0.75,0.25
19,159,1102.0,0,5.0,4.8,0.5,0.5
19,160,1115.9999999999998,1,5.2,5.0,0.75,0.25
19,161,1440.0,1,4.9,5.0,0.75,0.25
19,162,1498.0000000000002,1,5.0,5.1,0.75,0.25
19,164,2240.0,1,4.7,5.0,0.5,0.5
19,167,1574.0,0,5.0,4.6,0.75,0.25
19,170,1091.0,0,5.2,5.0,0.5,0.5
19,171,1150.0,0,5.2,5.0,0.5,0.5
19,173,1527.0,1,4.9,5.0,0.25,0.75
19,174,1503.0,1,5.0,5.0,0.75,0.25
19,176,1641.0,0,5.0,4.9,0.5,0.5
19,177,1506.0,1,5.0,5.0,0.75,0.25
19,178,914.0,0,5.0,5.1,0.5,0.5
19,180,1331.9999999999998,0,5.0,5.2,0.25,0.75
19,182,1456.0,1,5.0,5.3,0.25,0.75
19,183,1339.0,0,5.0,4.8,0.75,0.25
19,184,1396.0,0,5.2,5.0,0.75,0.25
19,186,1140.0,0,5.0,4.9,0.25,0.75
19,188,1381.0,0,5.0,4.8,0.75,0.25
19,189,2148.0,1,5.0,5.1,0.75,0.25
19,190,1111.0,0,5.0,4.9,0.5,0.5
19,191,1205.0,1,5.0,5.0,0.5,0.5
19,194,2810.0,0,5.0,5.0,0.25,0.75
19,196,2663.0000000000005,1,5.0,5.1,0.5,0.5
19,197,1454.0,1,5.0,5.0,0.25,0.75
19,198,919.0,0,5.0,4.9,0.75,0.25
19,200,1743.0,1,4.8,5.0,0.75,0.25
19,202,1380.0,1,5.0,4.7,0.5,0.5
19,204,1156.0,0,5.0,4.6,0.75,0.25
19,205,3401.9999999999995,1,5.0,5.3,0.25,0.75
19,206,1664.0000000000002,0,5.3,5.0,0.5,0.5
19,207,1859.0,1,4.8,5.0,0.75,0.25
19,209,1389.0,1,5.0,4.6,0.5,0.5
19,210,3453.9999999999995,1,5.0,5.5,0.75,0.25
20,22,2430.0,0,5.7,5.0,0.5,0.5
20,23,1300.0,0,5.6,5.0,0.5,0.5
20,25,9867.0,0,5.5,5.0,0.25,0.75
20,27,5653.0,1,4.6,5.0,0.25,0.75
20,28,986.0,1,4.6,5.0,0.25,0.75
20,29,11824.000000000002,1,5.0,4.7,0.25,0.75
20,30,5580.0,0,4.7,5.0,0.5,0.5
20,32,7520.0,1,5.4,5.0,0.25,0.75
20,33,16090.0,1,5.0,5.3,0.5,0.5
20,35,4238.0,1,4.8,5.0,0.75,0.25
20,36,2896.0000000000005,1,4.8,5.0,0.5,0.5
20,39,1490.0,1,5.0,5.3,0.75,0.25
20,40,2259.0,0,5.4,5.0,0.5,0.5
20,41,1286.0,0,5.0,4.5,0.25,0.75
20,44,5895.0,0,4.5,5.0,0.75,0.25
20,45,1771.9999999999998,0,4.4,5.0,0.25,0.75
20,46,1995.0,0,5.0,4.4,0.5,0.5
20,47,1781.0,0,5.0,4.5,0.5,0.5
20,50,3433.9999999999995,1,5.0,5.4,0.75,0.25
20,51,3572.0,1,5.0,5.3,0.5,0.5
20,52,3196.0,0,4.7,5.0,0.75,0.25
20,54,3480.0,1,5.4,5.0,0.5,0.5
20,55,14573.0,1,5.0,4.5,0.75,0.25
20,56,1940.0,0,5.0,4.4,0.75,0.25
20,58,2926.0,0,5.0,4.5,0.5,0.5
20,59,20010.0,1,5.0,4.5,0.25,0.75
20,61,885.9999999999999,1,5.0,5.6,0.25,0.75
20,63,4205.0,1,5.0,5.5,0.75,0.25
20,64,1936.9999999999998,1,4.6,5.0,0.25,0.75
20,65,1540.0,1,5.0,4.6,0.75,0.25
20,66,2472.0,1,4.5,5.0,0.75,0.25
20,67,1686.9999999999998,0,5.5,5.0,0.75,0.25
20,68,2322.0,1,4.6,5.0,0.5,0.5
20,69,4762.0,0,5.0,4.5,0.5,0.5
20,71,2671.9999999999995,0,5.0,4.4,0.25,0.75
20,72,1642.0,1,4.3,5.0,0.75,0.25
20,75,1372.0,0,5.0,4.4,0.75,0.25
20,76,3468.0,1,4.5,5.0,0.5,0.5
20,77,5242.999999999999,0,5.5,5.0,0.5,0.5
20,79,1760.0,0,5.6,5.0,0.75,0.25
20,80,1411.0,0,5.5,5.0,0.75,0.25
20,82,1490.9999999999998,1,5.0,4.4,0.5,0.5
20,85,1256.0,0,5.5,5.0,0.25,0.75
20,89,1771.9999999999998,1,4.5,5.0,0.75,0.25
20,90,1426.0,0,5.6,5.0,0.75,0.25
20,92,3200.0,1,4.5,5.0,0.5,0.5
20,94,1069.0,1,5.0,5.4,0.5,0.5
20,96,809.0,1,5.0,5.5,0.5,0.5
20,97,1663.0,1,4.4,5.0,0.75,0.25
20,98,1679.0,0,5.0,4.4,0.75,0.25
20,99,1177.0,0,5.0,4.3,0.25,0.75
20,101,1398.0000000000002,0,5.6,5.0,0.5,0.5
20,102,1291.9999999999998,0,5.6,5.0,0.25,0.75
20,103,1821.0,1,5.0,5.5,0.75,0.25
20,104,1419.0,0,5.0,4.5,0.5,0.5
20,105,1680.0,1,5.0,5.4,0.5,0.5
20,106,1344.0,1,5.0,5.4,0.5,0.5
20,108,1127.0,1,4.6,5.0,0.5,0.5
20,109,1175.0,0,5.0,5.4,0.25,0.75
20,111,1232.0,1,4.5,5.0,0.5,0.5
20,112,1178.0,0,5.0,4.6,0.5,0.5
20,113,1420.0,1,5.0,4.6,0.5,0.5
20,114,1595.0,1,5.3,5.0,0.75,0.25
20,117,1240.0,0,5.0,4.7,0.5,0.5
20,118,1503.0,0,5.3,5.0,0.25,0.75
20,120,1455.0,0,5.2,5.0,0.75,0.25
20,121,1232.9999999999998,1,5.1,5.0,0.5,0.5
20,122,827.0000000000001,0,5.0,4.9,0.5,0.5
20,123,1141.0,0,4.8,5.0,0.5,0.5
20,126,1370.0,1,5.0,5.2,0.75,0.25
20,127,1215.0,0,5.0,5.3,0.25,0.75
20,128,1210.0,0,5.0,5.3,0.5,0.5
20,129,1440.0,0,5.2,5.0,0.5,0.5
20,132,1105.9999999999998,0,5.0,4.6,0.5,0.5
20,133,1218.0,1,5.0,4.5,0.75,0.25
20,135,1867.0,1,4.3,5.0,0.75,0.25
20,136,1281.0,1,5.0,5.7,0.5,0.5
20,138,1283.0000000000002,1,5.0,4.4,0.25,0.75
20,139,1335.0,0,5.7,5.0,0.5,0.5
20,140,1103.0,0,5.8,5.0,0.75,0.25
20,141,1811.9999999999998,1,4.2,5.0,0.75,0.25
20,142,1341.0,1,5.0,5.7,0.75,0.25
20,143,1391.0,0,5.7,5.0,0.75,0.25
20,144,1574.0,1,5.0,4.4,0.25,0.75
20,148,1294.0,1,4.4,5.0,0.5,0.5
20,149,1044.0,0,5.0,4.5,0.5,0.5
20,151,1232.9999999999998,1,4.6,5.0,0.25,0.75
20,152,1739.0,0,5.0,4.6,0.25,0.75
20,153,1148.0,0,5.0,5.3,0.25,0.75
20,158,1183.0,1,4.8,5.0,0.25,0.75
20,159,1277.0000000000002,1,4.8,5.0,0.75,0.25
20,160,1048.0,0,5.1,5.0,0.75,0.25
20,161,1696.0,0,4.9,5.0,0.75,0.25
20,162,1700.0,1,4.8,5.0,0.25,0.75
20,163,1396.9999999999998,0,5.0,5.2,0.75,0.25
20,165,2397.0,1,5.0,4.7,0.5,0.5
20,166,1604.0,1,5.0,5.4,0.75,0.25
20,167,1285.0,1,5.0,5.4,0.5,0.5
20,169,682.0,0,5.0,4.6,0.75,0.25
20,170,1239.0,1,4.5,5.0,0.25,0.75
20,172,1335.0,1,5.0,4.6,0.25,0.75
20,173,1705.0,1,5.0,5.4,0.75,0.25
20,174,2706.0000000000005,1,4.7,5.0,0.25,0.75
20,176,1305.0,1,4.8,5.0,0.25,0.75
20,177,1439.0,0,5.0,4.8,0.5,0.5
20,179,1334.0,1,5.0,5.3,0.75,0.25
20,183,1210.9999999999998,0,5.0,4.7,0.75,0.25
20,184,1094.0,0,5.2,5.0,0.25,0.75
20,185,1801.0,1,5.0,5.2,0.25,0.75
20,186,1649.0,0,5.1,5.0,0.75,0.25
20,187,1119.0,0,5.0,5.1,0.25,0.75
20,189,2056.0,0,4.8,5.0,0.25,0.75
20,191,1466.9999999999998,1,5.0,5.1,0.25,0.75
20,192,1526.0,1,5.0,5.0,0.75,0.25
20,194,1299.0000000000002,1,4.9,5.0,0.75,0.25
20,195,1720.9999999999998,0,5.0,5.0,0.25,0.75
20,196,1335.0,0,5.0,5.1,0.5,0.5
20,198,1321.0,1,5.0,5.3,0.5,0.5
20,199,1102.0,1,5.3,5.0,0.5,0.5
20,201,1361.0,0,5.0,4.6,0.5,0.5
20,202,1794.0,1,4.7,5.0,0.5,0.5
20,203,1494.0,1,5.0,5.3,0.5,0.5
20,204,1525.0,0,5.0,5.2,0.25,0.75
20,205,2031.0000000000002,1,4.7,5.0,0.25,0.75
20,208,1230.0,1,5.0,5.5,0.5,0.5
20,210,1406.9999999999998,0,5.0,4.5,0.25,0.75
21,25,1700.9999999999998,0,5.0,4.7,0.25,0.75
21,26,2210.0,1,5.3,5.0,0.25,0.75
21,27,5236.000000000001,1,4.6,5.0,0.75,0.25
21,28,1321.0,0,5.4,5.0,0.25,0.75
21,29,1903.0,1,5.5,5.0,0.25,0.75
21,30,1636.9999999999998,1,5.0,5.6,0.25,0.75
21,31,1333.0000000000002,0,5.7,5.0,0.25,0.75
21,32,1456.0,0,5.7,5.0,0.75,0.25
21,33,1341.9999999999998,0,5.6,5.0,0.25,0.75
21,34,715.0,1,4.4,5.0,0.75,0.25
21,36,1235.0,1,4.5,5.0,0.25,0.75
21,38,1301.0,0,5.4,5.0,0.75,0.25
21,41,2281.0,1,5.0,5.2,0.5,0.5
21,42,1746.0,1,5.2,5.0,0.75,0.25
21,44,1042.0,1,4.6,5.0,0.25,0.75
21,48,1103.0,1,5.0,5.2,0.25,0.75
21,49,1469.0,1,4.8,5.0,0.5,0.5
21,50,2615.0,0,5.0,4.9,0.75,0.25
21,51,1869.0,0,5.0,5.1,0.5,0.5
21,52,1075.9999999999998,1,5.0,5.0,0.5,0.5
21,53,765.0,1,5.0,5.1,0.25,0.75
21,54,1287.0,0,4.9,5.0,0.25,0.75
21,55,4291.0,1,5.0,5.2,0.75,0.25
21,56,1075.9999999999998,1,5.0,5.2,0.75,0.25
21,57,1830.0,1,5.0,5.1,0.5,0.5
21,59,1574.0,1,4.8,5.0,0.75,0.25
21,61,3515.0,0,4.7,5.0,0.75,0.25
21,63,1183.0,1,5.0,5.4,0.5,0.5
21,64,1251.0,1,5.0,5.3,0.75,0.25
21,65,1307.0,1,4.7,5.0,0.25,0.75
21,66,1380.0,1,5.2,5.0,0.5,0.5
21,68,2316.9999999999995,0,5.0,4.7,0.25,0.75
21,69,1301.0,1,4.7,5.0,0.75,0.25
21,70,1415.0,0,5.2,5.0,0.75,0.25
21,73,1391.0,1,5.0,5.3,0.25,0.75
21,75,1436.9999999999998,0,5.3,5.0,0.5,0.5
21,76,1193.0,0,5.3,5.0,0.75,0.25
21,77,1249.0,0,4.8,5.0,0.75,0.25
21,80,1110.0,0,5.5,5.0,0.75,0.25
21,82,1412.0,1,4.6,5.0,0.5,0.5
21,83,966.0,1,5.0,5.4,0.25,0.75
21,84,1875.0,1,5.0,4.7,0.5,0.5
21,85,1347.0,0,4.6,5.0,0.5,0.5
21,86,1220.0,0,5.0,4.5,0.75,0.25
21,88,2191.9999999999995,0,5.0,4.4,0.25,0.75
21,89,1419.0,0,5.0,4.4,0.75,0.25
21,90,1524.0,0,5.5,5.0,0.75,0.25
21,91,1540.0,0,5.5,5.0,0.25,0.75
21,92,1325.9999999999998,0,5.0,4.6,0.75,0.25
21,96,1153.0,1,4.6,5.0,0.25,0.75
21,97,1676.0,0,5.0,4.6,0.5,0.5
21,99,1278.0,1,5.3,5.0,0.5,0.5
21,100,2453.0000000000005,0,5.0,4.6,0.25,0.75
21,102,1460.9999999999998,1,5.0,5.5,0.75,0.25
21,103,1464.0,1,4.5,5.0,0.5,0.5
21,104,1355.0,0,5.0,5.4,0.25,0.75
21,106,1242.0,0,5.5,5.0,0.25,0.75
21,109,1353.0000000000002,0,4.7,5.0,0.25,0.75
21,112,1208.0,1,4.5,5.0,0.5,0.5
21,113,1306.0,0,5.5,5.0,0.5,0.5
21,114,1448.0000000000002,1,5.0,5.4,0.5,0.5
21,115,1330.0,0,5.4,5.0,0.5,0.5
21,116,1979.0,1,4.7,5.0,0.75,0.25
21,117,1025.0,1,4.6,5.0,0.25,0.75
21,120,1210.0,1,5.3,5.0,0.75,0.25
21,121,1068.0,1,5.4,5.0,0.25,0.75
21,122,938.0,0,5.0,5.5,0.75,0.25
21,123,1374.0,1,5.0,4.4,0.25,0.75
21,125,1524.0,0,5.0,4.3,0.5,0.5
21,126,1137.0,0,5.6,5.0,0.75,0.25
21,127,1460.9999999999998,1,5.0,5.6,0.5,0.5
21,128,1501.9999999999998,0,5.0,4.5,0.25,0.75
21,130,1423.0,0,5.0,4.6,0.5,0.5
21,131,1107.9999999999998,0,5.4,5.0,0.25,0.75
21,132,1936.9999999999998,1,5.0,5.3,0.75,0.25
21,133,4748.0,0,5.0,4.7,0.25,0.75
21,134,1724.0,1,5.2,5.0,0.75,0.25
21,135,1172.0,1,4.7,5.0,0.75,0.25
21,136,1418.0000000000002,0,5.0,5.3,0.5,0.5
21,138,1479.0,0,4.6,5.0,0.75,0.25
21,139,3643.9999999999995,0,5.0,4.5,0.75,0.25
21,144,2276.0,0,5.0,5.4,0.25,0.75
21,145,852.0,0,5.0,4.5,0.25,0.75
21,146,1940.0,0,5.0,5.5,0.75,0.25
21,151,1173.0,1,4.8,5.0,0.5,0.5
21,152,1615.9999999999998,0,5.2,5.0,0.25,0.75
21,155,1874.0,0,5.0,5.0,0.25,0.75
21,156,1925.0,0,5.1,5.0,0.25,0.75
21,157,2386.0,1,4.9,5.0,0.5,0.5
21,158,3200.0,1,5.0,5.0,0.25,0.75
21,159,1747.0,0,5.0,5.1,0.75,0.25
21,161,2430.0,0,5.0,5.3,0.5,0.5
21,162,1339.0,0,5.0,4.6,0.75,0.25
21,163,1227.0,1,4.5,5.0,0.5,0.5
21,164,2381.0,0,5.5,5.0,0.5,0.5
21,165,1714.0,1,5.0,5.4,0.25,0.75
21,166,5156.000000000001,1,5.4,5.0,0.25,0.75
21,168,1743.0,0,4.7,5.0,0.25,0.75
21,169,1338.0,0,4.6,5.0,0.25,0.75
21,170,1248.0,1,4.5,5.0,0.5,0.5
21,171,1433.0,0,5.0,4.5,0.75,0.25
21,173,2218.0,1,4.6,5.0,0.5,0.5
21,175,1767.0,1,4.7,5.0,0.5,0.5
21,176,2903.0,0,5.2,5.0,0.75,0.25
21,179,1415.0,1,5.0,4.6,0.25,0.75
21,182,1561.9999999999998,1,4.6,5.0,0.75,0.25
21,183,1119.0,0,5.0,4.6,0.75,0.25
21,184,1801.0,0,4.7,5.0,0.25,0.75
21,185,1646.9999999999998,1,5.0,5.4,0.25,0.75
21,186,1227.0,1,4.6,5.0,0.75,0.25
21,187,1519.0000000000002,1,4.7,5.0,0.5,0.5
21,188,964.0000000000001,1,4.7,5.0,0.25,0.75
21,190,1686.9999999999998,0,5.0,4.8,0.5,0.5
21,191,1206.0,0,5.0,4.7,0.25,0.75
21,192,983.0,0,5.3,5.0,0.5,0.5
21,195,1327.0,0,5.1,5.0,0.25,0.75
21,196,1279.0000000000002,0,5.0,5.1,0.25,0.75
21,198,1267.0000000000002,1,5.0,4.8,0.25,0.75
21,199,1306.0,0,5.0,4.7,0.75,0.25
21,201,2260.0,0,5.0,5.2,0.75,0.25
21,204,1558.0,0,5.0,4.8,0.25,0.75
21,205,1115.0,1,4.8,5.0,0.25,0.75
21,206,1287.0,1,5.0,5.1,0.25,0.75
21,207,2379.0,1,4.9,5.0,0.25,0.75
21,209,1325.9999999999998,0,5.1,5.0,0.25,0.75
21,210,1269.0000000000002,0,5.0,5.1,0.25,0.75
22,22,1210.0,0,5.6,5.0,0.5,0.5
22,23,1210.0,1,5.0,5.6,0.5,0.5
22,24,1281.9999999999998,0,5.0,4.5,0.25,0.75
22,25,1040.0,1,4.5,5.0,0.5,0.5
22,28,1299.0000000000002,1,5.0,4.5,0.25,0.75
22,29,1307.0,0,4.5,5.0,0.25,0.75
22,31,1057.0,0,5.0,4.5,0.75,0.25
22,33,1271.0,1,5.0,4.6,0.5,0.5
22,34,1190.0,0,5.0,5.5,0.5,0.5
22,35,1252.0,1,4.4,5.0,0.25,0.75
22,38,1051.0,1,4.4,5.0,0.5,0.5
22,39,1126.0,0,5.6,5.0,0.25,0.75
22,40,1265.0,1,4.5,5.0,0.75,0.25
22,42,1131.0,1,5.0,5.4,0.5,0.5
22,45,1006.0,1,5.0,5.4,0.5,0.5
22,46,3683.0000000000005,0,5.4,5.0,0.5,0.5
22,47,7733.0,0,5.0,5.3,0.25,0.75
22,48,2490.0,0,5.0,5.4,0.75,0.25
22,49,7983.0,0,5.0,4.5,0.75,0.25
22,50,1989.0,0,5.5,5.0,0.25,0.75
22,52,1330.0,0,5.4,5.0,0.75,0.25
22,53,2273.0,1,5.0,5.3,0.25,0.75
22,55,2173.0,0,5.4,5.0,0.25,0.75
22,58,1252.0,0,5.2,5.0,0.5,0.5
22,59,1163.0,1,4.8,5.0,0.5,0.5
22,61,1101.0,1,4.8,5.0,0.25,0.75
22,62,1028.0,1,5.0,5.2,0.5,0.5
22,63,1409.0,1,5.0,4.9,0.25,0.75
22,64,1042.0,1,5.0,5.2,0.75,0.25
22,65,1383.0,0,5.0,4.7,0.25,0.75
22,66,1151.0,1,5.0,5.3,0.25,0.75
22,69,1022.9999999999999,1,5.1,5.0,0.5,0.5
22,70,1234.0,0,5.0,4.9,0.25,0.75
22,71,1413.0,1,5.0,5.0,0.5,0.5
22,73,1529.0000000000002,0,5.1,5.0,0.75,0.25
22,74,1020.9999999999999,1,5.0,5.0,0.25,0.75
22,75,1208.0,0,5.0,5.1,0.5,0.5
22,76,1186.0,0,5.0,5.2,0.25,0.75
22,77,1436.0,0,5.3,5.0,0.75,0.25
22,78,1569.0,0,5.3,5.0,0.25,0.75
22,82,1265.0,0,5.2,5.0,0.75,0.25
22,84,1291.0,0,5.0,5.3,0.25,0.75
22,85,1267.0000000000002,0,5.0,5.4,0.5,0.5
22,86,1079.0,0,5.5,5.0,0.25,0.75
22,87,1107.0,1,5.0,5.5,0.25,0.75
22,89,1307.0,0,4.4,5.0,0.25,0.75
22,90,1186.0,1,4.3,5.0,0.75,0.25
22,91,1376.9999999999998,0,5.0,4.3,0.75,0.25
22,96,1716.9999999999998,1,5.6,5.0,0.25,0.75
22,97,767.0,0,5.0,4.3,0.5,0.5
22,98,1242.9999999999998,1,5.0,5.7,0.5,0.5
22,101,859.0000000000001,0,5.7,5.0,0.25,0.75
22,102,1267.0000000000002,0,5.0,4.4,0.75,0.25
22,103,1391.0,0,5.0,4.4,0.25,0.75
22,104,1285.0,1,4.5,5.0,0.5,0.5
22,105,2994.0,0,5.0,4.5,0.75,0.25
22,106,1094.0,0,5.4,5.0,0.75,0.25
22,108,987.0,1,4.7,5.0,0.5,0.5
22,109,1014.9999999999999,1,5.0,4.7,0.25,0.75
22,110,1179.0,1,5.0,5.4,0.5,0.5
22,111,1341.9999999999998,0,5.0,5.4,0.75,0.25
22,114,1345.9999999999998,1,5.0,5.4,0.75,0.25
22,116,1051.0,1,5.5,5.0,0.5,0.5
22,118,840.0,1,4.3,5.0,0.25,0.75
22,119,1620.0,1,5.7,5.0,0.5,0.5
22,120,1251.0,1,5.0,5.6,0.25,0.75
22,121,787.9999999999999,1,5.0,5.6,0.75,0.25
22,123,1119.0,1,5.0,5.6,0.5,0.5
22,125,1472.0,0,5.7,5.0,0.25,0.75
22,126,1119.0,1,4.4,5.0,0.25,0.75
22,127,1194.0,0,5.6,5.0,0.75,0.25
22,129,1361.9999999999998,0,5.0,4.3,0.75,0.25
22,133,1163.0,1,4.3,5.0,0.75,0.25
22,134,1361.0,1,4.4,5.0,0.5,0.5
22,135,1222.9999999999998,0,4.4,5.0,0.75,0.25
22,136,1082.0,1,5.0,5.7,0.5,0.5
22,137,1483.0,0,5.7,5.0,0.5,0.5
22,140,1494.0,0,5.7,5.0,0.75,0.25
22,141,691.0,1,5.0,5.7,0.5,0.5
22,142,782.0,1,4.4,5.0,0.75,0.25
22,144,1821.9999999999998,1,5.0,5.5,0.5,0.5
22,145,1199.0,1,5.0,5.5,0.75,0.25
22,146,1365.9999999999998,0,5.0,4.6,0.5,0.5
22,147,825.0,0,5.4,5.0,0.25,0.75
22,150,1113.0,1,4.6,5.0,0.5,0.5
22,151,1343.0000000000002,1,5.0,5.3,0.5,0.5
22,153,1022.9999999999999,1,5.0,4.8,0.25,0.75
22,154,1484.0,1,5.3,5.0,0.5,0.5
22,155,1269.0000000000002,0,5.4,5.0,0.75,0.25
22,156,1259.0000000000002,1,4.5,5.0,0.25,0.75
22,157,1085.9999999999998,1,5.0,5.5,0.5,0.5
22,158,1433.0,1,5.4,5.0,0.75,0.25
22,159,994.0000000000001,1,5.0,5.4,0.75,0.25
22,160,833.0,0,5.3,5.0,0.25,0.75
22,163,1132.0000000000002,1,5.0,5.5,0.5,0.5
22,164,942.0000000000001,1,4.5,5.0,0.75,0.25
22,165,1035.0,0,5.4,5.0,0.25,0.75
22,167,1075.9999999999998,1,5.0,5.3,0.75,0.25
22,171,1472.0,1,4.7,5.0,0.25,0.75
22,172,866.0,1,5.0,4.8,0.25,0.75
22,174,657.0,1,5.0,5.3,0.75,0.25
22,176,1279.0000000000002,1,5.0,5.2,0.25,0.75
22,178,1321.9999999999998,0,5.0,4.9,0.75,0.25
22,180,849.0000000000001,1,4.9,5.0,0.5,0.5
22,181,1115.0,0,4.9,5.0,0.25,0.75
22,182,1504.0,1,5.0,4.8,0.75,0.25
22,183,733.0,1,5.3,5.0,0.75,0.25
22,184,1820.0,0,5.0,5.3,0.25,0.75
22,185,1480.9999999999998,1,5.2,5.0,0.75,0.25
22,186,1260.0,0,5.0,5.3,0.5,0.5
22,188,1085.0,0,5.0,4.6,0.5,0.5
22,189,693.0,0,5.0,4.7,0.5,0.5
22,190,1495.0,1,4.6,5.0,0.5,0.5
22,191,1291.0,1,5.0,5.5,0.75,0.25
22,193,1260.0,1,5.0,5.4,0.5,0.5
22,194,747.0,0,5.0,4.5,0.5,0.5
22,195,726.0,1,5.0,5.6,0.5,0.5
22,197,1238.0,1,4.5,5.0,0.75,0.25
22,198,1300.0,1,5.0,4.5,0.25,0.75
22,199,1436.9999999999998,1,4.6,5.0,0.5,0.5
22,200,815.0,0,4.5,5.0,0.5,0.5
22,201,1334.0,1,5.5,5.0,0.5,0.5
22,203,1435.0,0,5.4,5.0,0.5,0.5
22,205,699.0000000000001,1,5.0,5.4,0.25,0.75
22,207,1202.0,1,4.7,5.0,0.75,0.25
22,209,925.9999999999999,1,5.0,4.6,0.5,0.5
24,23,1469.0,1,5.0,4.9,0.5,0.5
24,25,1101.0,0,4.7,5.0,0.25,0.75
24,27,2255.0,0,4.6,5.0,0.25,0.75
24,29,1536.0,0,5.5,5.0,0.25,0.75
24,30,965.0,0,5.0,4.6,0.5,0.5
24,32,1064.0,1,5.5,5.0,0.5,0.5
24,33,1527.0,1,5.0,4.4,0.25,0.75
24,34,1144.0000000000002,1,4.3,5.0,0.25,0.75
24,35,1161.0,0,5.0,4.3,0.25,0.75
24,36,1258.0,0,5.6,5.0,0.25,0.75
24,38,1296.0,1,5.0,5.5,0.25,0.75
24,40,825.0,0,5.4,5.0,0.5,0.5
24,41,1104.0,0,5.0,4.6,0.5,0.5
24,42,1380.0,0,5.0,4.7,0.25,0.75
24,44,1485.0,0,4.8,5.0,0.25,0.75
24,45,1470.9999999999998,0,5.3,5.0,0.5,0.5
24,46,1059.0000000000002,0,5.0,4.7,0.75,0.25
24,47,1151.0,1,5.0,5.2,0.75,0.25
24,48,1434.0000000000002,1,5.0,5.3,0.5,0.5
24,49,1424.0000000000002,1,4.7,5.0,0.5,0.5
24,52,1113.0,1,5.0,4.7,0.5,0.5
24,55,1423.0,1,4.8,5.0,0.5,0.5
24,56,1635.0,0,4.9,5.0,0.25,0.75
24,57,1363.0000000000002,1,4.8,5.0,0.5,0.5
24,59,1109.0,1,4.6,5.0,0.5,0.5
24,60,1270.0,0,5.4,5.0,0.25,0.75
24,62,1689.0,1,5.0,5.4,0.5,0.5
24,63,1482.0,0,5.5,5.0,0.25,0.75
24,66,1278.0,1,4.6,5.0,0.5,0.5
24,67,1561.0,0,5.3,5.0,0.75,0.25
24,69,1722.0,1,4.6,5.0,0.25,0.75
24,70,1702.0,1,5.0,4.6,0.5,0.5
24,72,1618.0,1,4.5,5.0,0.75,0.25
24,73,2014.0000000000002,0,5.0,5.4,0.75,0.25
24,75,982.0,1,5.0,5.5,0.25,0.75
24,76,2374.0,0,5.4,5.0,0.25,0.75
24,77,866.0,1,4.6,5.0,0.5,0.5
24,78,1486.9999999999998,1,5.0,5.3,0.75,0.25
24,79,2122.0,1,5.0,5.3,0.75,0.25
24,81,1044.0,0,5.3,5.0,0.25,0.75
24,83,2417.0,1,5.0,5.4,0.5,0.5
24,84,2307.0,0,5.3,5.0,0.25,0.75
24,86,1308.0,0,5.2,5.0,0.25,0.75
24,87,2131.9999999999995,1,4.8,5.0,0.75,0.25
24,88,1867.0,1,5.0,5.1,0.25,0.75
24,91,2328.0000000000005,0,5.0,5.1,0.75,0.25
24,92,1121.0,0,5.2,5.0,0.75,0.25
24,94,1476.0,1,4.6,5.0,0.75,0.25
24,95,2698.0,1,5.4,5.0,0.25,0.75
24,96,1225.0,1,4.5,5.0,0.75,0.25
24,97,1469.0,0,5.5,5.0,0.25,0.75
24,98,1230.0,1,5.0,5.4,0.25,0.75
24,100,1355.0,0,5.3,5.0,0.25,0.75
24,102,1498.0000000000002,0,5.2,5.0,0.75,0.25
24,104,1875.0,0,5.0,4.9,0.75,0.25
24,105,770.0,0,5.0,4.8,0.5,0.5
24,106,3345.0,0,5.0,5.2,0.75,0.25
24,107,917.9999999999999,0,5.0,4.7,0.5,0.5
24,108,2125.0,1,5.0,4.7,0.5,0.5
24,109,1210.9999999999998,0,5.0,4.8,0.75,0.25
24,110,1950.0,1,5.0,5.2,0.25,0.75
24,115,1383.0,0,5.1,5.0,0.5,0.5
24,116,1279.0000000000002,0,5.0,5.0,0.75,0.25
24,118,1853.0000000000002,0,4.9,5.0,0.75,0.25
24,119,2723.9999999999995,1,5.2,5.0,0.75,0.25
24,120,2478.0,1,5.0,5.3,0.5,0.5
24,121,2405.0,0,5.0,4.6,0.5,0.5
24,122,2418.0,0,5.0,4.6,0.5,0.5
24,124,1799.0000000000002,0,5.3,5.0,0.25,0.75
24,125,2235.0,1,5.0,5.2,0.25,0.75
24,127,3356.0000000000005,1,5.0,5.3,0.25,0.75
24,128,1181.0,0,4.8,5.0,0.25,0.75
24,129,1144.0000000000002,0,5.0,4.7,0.75,0.25
24,130,1986.9999999999998,1,5.0,5.3,0.25,0.75
24,132,1975.0,1,4.6,5.0,0.25,0.75
24,133,1220.9999999999998,0,5.3,5.0,0.75,0.25
24,134,1608.0,1,5.0,5.3,0.5,0.5
24,135,1275.0,1,4.8,5.0,0.75,0.25
24,137,1830.0,1,5.1,5.0,0.5,0.5
24,138,1094.0,0,5.1,5.0,0.5,0.5
24,139,1395.0,1,5.0,5.2,0.5,0.5
24,141,2170.0,0,5.0,5.1,0.5,0.5
24,145,3109.0,0,5.3,5.0,0.75,0.25
24,147,1658.0000000000002,0,5.0,4.6,0.5,0.5
24,148,1252.0,1,5.0,5.3,0.25,0.75
24,150,1373.0000000000002,0,5.2,5.0,0.75,0.25
24,153,2758.0,0,5.0,4.7,0.75,0.25
24,154,2181.0,1,5.0,5.2,0.25,0.75
24,157,1565.0,1,4.7,5.0,0.75,0.25
24,158,2165.0,0,5.4,5.0,0.75,0.25
24,159,1277.0000000000002,1,4.5,5.0,0.25,0.75
24,160,1550.0,1,4.5,5.0,0.75,0.25
24,161,1725.0,1,5.4,5.0,0.25,0.75
24,162,1272.0,1,4.5,5.0,0.25,0.75
24,164,1062.0,0,5.4,5.0,0.75,0.25
24,166,1601.0,1,4.7,5.0,0.5,0.5
24,167,1213.0,0,4.7,5.0,0.25,0.75
24,168,1506.0,1,5.0,5.4,0.5,0.5
24,169,1525.0,0,5.0,4.6,0.25,0.75
24,171,1551.9999999999998,1,5.0,4.6,0.75,0.25
24,172,2695.0,0,5.4,5.0,0.25,0.75
24,175,1821.9999999999998,0,5.0,4.8,0.75,0.25
24,176,1511.9999999999998,0,5.2,5.0,0.75,0.25
24,177,1480.9999999999998,1,5.0,5.3,0.25,0.75
24,178,1264.0,0,5.4,5.0,0.5,0.5
24,181,1385.0,1,5.0,5.5,0.75,0.25
24,182,1309.0000000000002,0,5.0,4.6,0.75,0.25
24,183,1755.0,1,4.6,5.0,0.75,0.25
24,185,1143.0,0,5.0,4.7,0.75,0.25
24,186,1219.0,0,5.0,4.8,0.75,0.25
24,188,1359.0,0,5.0,4.7,0.25,0.75
24,189,1639.0,1,5.3,5.0,0.5,0.5
24,190,1509.0000000000002,1,5.0,4.6,0.75,0.25
24,191,1208.0,0,5.0,4.6,0.5,0.5
24,192,1476.0,1,5.0,5.3,0.5,0.5
24,193,1256.0,1,5.0,4.7,0.25,0.75
24,195,1364.0,1,5.0,4.5,0.75,0.25
24,198,1390.0,1,5.0,5.4,0.25,0.75
24,199,1884.0000000000002,1,4.7,5.0,0.75,0.25
24,200,799.0,1,4.6,5.0,0.25,0.75
24,202,1390.0,0,5.5,5.0,0.75,0.25
24,203,1625.0,0,5.0,4.5,0.75,0.25
24,204,1956.0,0,4.6,5.0,0.75,0.25
24,206,1494.0,0,5.0,4.4,0.25,0.75
24,207,1571.9999999999998,1,5.6,5.0,0.25,0.75
24,209,1788.0,0,5.0,4.5,0.5,0.5
25,22,4189.0,0,5.6,5.0,0.5,0.5
25,23,1943.0,1,5.0,4.5,0.75,0.25
25,25,940.0,1,5.0,5.6,0.5,0.5
25,26,1422.0,1,4.5,5.0,0.75,0.25
25,28,1443.0,0,5.0,4.6,0.75,0.25
25,29,1337.0,1,4.5,5.0,0.25,0.75
25,30,1575.0,0,5.5,5.0,0.25,0.75
25,31,4232.0,1,4.6,5.0,0.75,0.25
25,32,1983.0,1,5.0,5.4,0.75,0.25
25,34,3469.0,0,5.0,4.6,0.75,0.25
25,35,1548.0,0,5.0,4.5,0.75,0.25
25,37,3009.0,0,4.4,5.0,0.75,0.25
25,38,2025.9999999999998,0,4.4,5.0,0.5,0.5
25,40,1526.0,1,4.5,5.0,0.75,0.25
25,43,1921.0,1,5.3,5.0,0.5,0.5
25,46,2354.0,1,4.7,5.0,0.25,0.75
25,47,2714.0,0,5.0,4.7,0.75,0.25
25,48,3353.0,1,4.8,5.0,0.5,0.5
25,49,1728.0000000000002,1,5.0,4.8,0.25,0.75
25,50,2990.0,0,4.9,5.0,0.75,0.25
25,51,1363.0000000000002,0,5.0,4.9,0.25,0.75
25,52,1565.0,1,5.0,5.0,0.25,0.75
25,53,1520.0,0,5.1,5.0,0.75,0.25
25,56,1633.0,1,5.0,5.4,0.25,0.75
25,58,1386.9999999999998,0,5.5,5.0,0.75,0.25
25,59,817.0000000000001,1,5.0,4.4,0.5,0.5
25,60,1875.0,0,5.0,4.4,0.5,0.5
25,62,3977.0,1,5.0,5.5,0.25,0.75
25,65,8256.0,1,5.3,5.0,0.5,0.5
25,66,13575.999999999998,0,5.0,4.7,0.75,0.25
25,67,1589.0,1,5.0,4.8,0.25,0.75
25,68,2465.0,0,4.8,5.0,0.75,0.25
25,69,1479.0,1,5.0,5.3,0.25,0.75
25,70,9183.0,1,5.0,5.3,0.5,0.5
25,71,1281.0,0,4.6,5.0,0.25,0.75
25,73,7285.0,1,4.5,5.0,0.5,0.5
25,75,1626.0,1,5.4,5.0,0.75,0.25
25,76,7231.0,1,5.0,5.3,0.25,0.75
25,77,1501.9999999999998,0,5.0,4.7,0.75,0.25
25,80,4152.0,1,5.1,5.0,0.75,0.25
25,81,1358.0,1,4.8,5.0,0.5,0.5
25,84,1501.0,1,5.2,5.0,0.75,0.25
25,85,2439.0,0,5.3,5.0,0.25,0.75
25,86,1371.0,0,5.4,5.0,0.5,0.5
25,87,2907.0,0,5.0,5.4,0.75,0.25
25,89,1371.0,0,5.5,5.0,0.25,0.75
25,93,3328.0000000000005,0,5.0,4.4,0.25,0.75
25,94,1325.0,0,5.0,4.5,0.5,0.5
25,97,1452.0,0,5.4,5.0,0.5,0.5
25,98,1535.0,1,5.0,4.5,0.75,0.25
25,100,952.0000000000001,1,4.6,5.0,0.75,0.25
25,101,1355.9999999999998,1,5.0,5.4,0.5,0.5
25,102,3701.0,1,5.5,5.0,0.75,0.25
25,103,2601.0000000000005,0,5.0,4.5,0.25,0.75
25,104,8612.0,1,5.0,5.4,0.25,0.75
25,105,1567.0,1,5.0,4.6,0.25,0.75
25,106,1206.0,0,5.0,4.5,0.75,0.25
25,107,2054.0000000000005,0,5.0,4.5,0.5,0.5
25,108,1868.0,0,5.0,4.4,0.25,0.75
25,109,3722.0,0,5.6,5.0,0.5,0.5
25,114,1386.9999999999998,0,5.0,5.3,0.5,0.5
25,115,4546.0,0,5.0,4.6,0.25,0.75
25,116,1162.0,0,5.0,4.5,0.5,0.5
25,117,4356.0,1,5.0,5.5,0.5,0.5
25,119,5482.0,1,4.6,5.0,0.75,0.25
25,120,1247.0,1,4.7,5.0,0.5,0.5
25,121,1595.9999999999998,1,5.0,5.4,0.75,0.25
25,123,1710.0,1,5.0,5.5,0.5,0.5
25,124,830.0,0,5.0,5.5,0.25,0.75
25,126,1224.0,0,5.0,4.6,0.75,0.25
25,127,1674.0000000000002,0,4.7,5.0,0.5,0.5
25,130,858.0,0,5.2,5.0,0.75,0.25
25,131,5780.0,1,5.3,5.0,0.75,0.25
25,132,2856.0000000000005,1,4.6,5.0,0.25,0.75
25,133,6812.0,1,4.6,5.0,0.25,0.75
25,134,1025.0,1,4.7,5.0,0.5,0.5
25,137,2179.0000000000005,1,5.0,5.3,0.25,0.75
25,138,1825.0,0,4.7,5.0,0.25,0.75
25,140,1285.0,0,5.5,5.0,0.5,0.5
25,141,1490.9999999999998,1,5.0,5.5,0.75,0.25
25,143,2791.0000000000005,1,5.0,5.6,0.25,0.75
25,144,1462.0,1,5.0,5.5,0.75,0.25
25,145,869.0000000000001,1,5.0,5.6,0.5,0.5
25,147,1347.0,1,4.5,5.0,0.75,0.25
25,150,1789.0000000000002,1,4.6,5.0,0.25,0.75
25,151,862.0,0,5.0,4.7,0.5,0.5
25,154,1310.0,0,5.3,5.0,0.75,0.25
25,155,767.0,0,4.7,5.0,0.5,0.5
25,156,840.0,1,5.0,5.4,0.75,0.25
25,157,1147.0,1,4.6,5.0,0.5,0.5
25,159,1631.0,1,5.0,5.3,0.25,0.75
25,161,1605.9999999999998,1,4.8,5.0,0.75,0.25
25,162,6888.0,0,5.0,4.9,0.5,0.5
25,164,1347.0,0,5.3,5.0,0.5,0.5
25,165,1769.0000000000002,0,4.7,5.0,0.75,0.25
25,166,1492.0,0,5.0,5.2,0.25,0.75
25,167,5465.0,0,5.3,5.0,0.75,0.25
25,168,2020.0,0,5.4,5.0,0.75,0.25
25,169,1216.0,1,4.6,5.0,0.75,0.25
25,170,1006.0,1,4.7,5.0,0.75,0.25
25,171,1284.0,1,5.0,5.3,0.75,0.25
25,172,4688.0,1,4.8,5.0,0.5,0.5
25,176,3528.0,0,5.2,5.0,0.5,0.5
25,177,875.0,1,5.0,4.7,0.5,0.5
25,180,2513.0,0,5.0,4.5,0.75,0.25
25,181,4841.0,0,5.5,5.0,0.25,0.75
25,183,2104.0,0,4.6,5.0,0.75,0.25
25,184,867.0,1,5.3,5.0,0.75,0.25
25,185,930.9999999999999,0,5.0,5.3,0.5,0.5
25,186,1994.0,1,5.0,5.4,0.5,0.5
25,188,1865.0,0,5.0,4.7,0.5,0.5
25,189,1493.0,1,5.0,5.3,0.5,0.5
25,190,885.9999999999999,0,5.0,4.6,0.25,0.75
25,191,1611.0,0,5.4,5.0,0.75,0.25
25,192,2273.0,0,5.0,4.7,0.5,0.5
25,193,935.0,0,5.0,5.3,0.5,0.5
25,194,1456.0,0,5.0,4.8,0.25,0.75
25,196,1330.0,1,5.0,5.3,0.25,0.75
25,198,3260.0,1,5.3,5.0,0.75,0.25
25,199,1465.0,0,5.0,4.7,0.75,0.25
25,205,1541.0,1,4.7,5.0,0.75,0.25
25,206,1155.0,0,5.4,5.0,0.25,0.75
25,207,1593.0000000000002,1,5.0,4.6,0.5,0.5
25,208,2020.0,0,5.3,5.0,0.75,0.25
25,209,2019.0000000000002,1,4.7,5.0,0.5,0.5
25,210,1311.0,0,5.4,5.0,0.25,0.75
26,22,1645.0,1,4.4,5.0,0.75,0.25
26,24,890.0,0,5.6,5.0,0.75,0.25
26,25,2738.0,1,4.4,5.0,0.5,0.5
26,26,5029.0,1,5.5,5.0,0.25,0.75
26,27,2117.0,1,5.6,5.0,0.25,0.75
26,30,2413.0000000000005,0,5.0,4.4,0.75,0.25
26,33,1840.0,1,5.0,5.7,0.25,0.75
26,34,6229.0,0,5.6,5.0,0.75,0.25
26,35,1658.0000000000002,1,5.0,5.6,0.5,0.5
26,36,1604.0,1,5.0,4.3,0.25,0.75
26,37,1629.0,1,5.0,5.7,0.25,0.75
26,38,1591.0,0,5.6,5.0,0.25,0.75
26,41,2190.0,1,4.4,5.0,0.75,0.25
26,42,2237.0,0,5.0,5.6,0.75,0.25
26,43,1889.0,1,4.5,5.0,0.75,0.25
26,44,1333.0000000000002,0,5.0,5.5,0.25,0.75
26,45,3270.0,1,5.6,5.0,0.25,0.75
26,46,1025.0,1,4.3,5.0,0.5,0.5
26,47,1426.0,0,5.0,4.3,0.25,0.75
26,49,1611.0,1,5.0,5.6,0.5,0.5
26,50,3017.0,1,5.0,4.5,0.75,0.25
26,51,1704.0,0,5.5,5.0,0.5,0.5
26,52,731.0,0,5.0,4.6,0.75,0.25
26,53,2997.0,0,5.0,4.6,0.75,0.25
26,57,3428.0,0,5.3,5.0,0.75,0.25
26,58,1903.0,1,4.6,5.0,0.25,0.75
26,59,7803.0,0,5.0,4.6,0.5,0.5
26,61,829.0000000000001,1,5.0,5.4,0.5,0.5
26,64,1806.0,0,5.0,4.6,0.25,0.75
26,66,2129.0,0,5.0,4.7,0.75,0.25
26,67,1370.0,0,5.4,5.0,0.25,0.75
26,70,2197.0,0,5.4,5.0,0.75,0.25
26,72,7917.999999999999,0,4.5,5.0,0.75,0.25
26,73,3130.0,1,4.6,5.0,0.75,0.25
26,74,1482.0,0,5.0,4.5,0.75,0.25
26,75,1367.0,0,5.5,5.0,0.75,0.25
26,76,3122.0,1,4.6,5.0,0.75,0.25
26,78,2080.0,0,5.5,5.0,0.5,0.5
26,79,1240.0,1,5.0,5.5,0.25,0.75
26,81,1956.9999999999998,1,4.6,5.0,0.75,0.25
26,83,2025.0,0,5.0,4.5,0.5,0.5
26,84,3970.0,0,5.6,5.0,0.25,0.75
26,85,1238.0,0,5.0,4.4,0.25,0.75
26,86,837.0000000000001,1,4.3,5.0,0.75,0.25
26,87,2110.0,0,5.7,5.0,0.25,0.75
26,89,1676.0,1,5.0,4.4,0.25,0.75
26,90,872.0,1,5.0,4.5,0.75,0.25
26,91,2455.0,0,5.6,5.0,0.25,0.75
26,92,7627.999999999999,0,5.0,4.4,0.25,0.75
26,96,1564.0,1,5.0,5.6,0.25,0.75
26,97,2763.0,0,5.0,5.7,0.75,0.25
26,98,1384.0000000000002,0,4.4,5.0,0.25,0.75
26,101,1757.0,1,4.5,5.0,0.25,0.75
26,102,2582.0,0,5.4,5.0,0.75,0.25
26,103,1956.0,0,5.0,5.3,0.5,0.5
26,104,1493.0,1,5.0,5.4,0.75,0.25
26,106,1125.0,1,4.5,5.0,0.5,0.5
26,107,1458.0000000000002,1,5.0,5.5,0.75,0.25
26,108,5450.0,0,5.0,4.6,0.25,0.75
26,109,823.0,0,4.6,5.0,0.5,0.5
26,112,4430.0,0,5.4,5.0,0.5,0.5
26,113,3609.0,0,5.4,5.0,0.5,0.5
26,115,1419.0,0,5.0,5.3,0.5,0.5
26,116,2407.0,0,5.2,5.0,0.5,0.5
26,117,1287.0,0,5.0,4.7,0.5,0.5
26,119,879.0,0,5.2,5.0,0.75,0.25
26,121,1298.0,0,4.9,5.0,0.5,0.5
26,123,7837.000000000001,0,5.0,5.2,0.75,0.25
26,125,1673.0,0,5.0,5.2,0.25,0.75
26,126,2328.0000000000005,0,5.0,4.7,0.25,0.75
26,128,1604.0,1,4.8,5.0,0.25,0.75
26,129,885.0,0,5.0,5.3,0.75,0.25
26,130,6963.999999999999,0,5.4,5.0,0.25,0.75
26,131,1374.0,1,4.6,5.0,0.75,0.25
26,133,4616.000000000001,1,4.7,5.0,0.5,0.5
26,134,4396.0,1,5.2,5.0,0.25,0.75
26,135,2146.0,0,4.8,5.0,0.5,0.5
26,137,2305.0,1,4.8,5.0,0.75,0.25
26,138,3526.9999999999995,1,4.8,5.0,0.5,0.5
26,139,2055.0,1,5.0,4.9,0.25,0.75
26,143,3926.0,1,5.0,4.8,0.5,0.5
26,144,3413.0000000000005,0,5.2,5.0,0.5,0.5
26,146,4996.0,1,5.0,4.8,0.5,0.5
26,147,3602.0,0,5.3,5.0,0.75,0.25
26,148,1689.0,0,5.0,5.4,0.25,0.75
26,149,1525.0,0,5.5,5.0,0.5,0.5
26,150,1132.0000000000002,0,5.0,4.5,0.25,0.75
26,151,2310.0,1,5.4,5.0,0.25,0.75
26,152,1368.0,0,5.0,4.5,0.75,0.25
26,153,912.9999999999999,0,5.5,5.0,0.5,0.5
26,154,2203.0000000000005,1,5.0,5.4,0.25,0.75
26,155,2358.0,1,5.0,5.5,0.75,0.25
26,159,1394.0000000000002,1,5.0,5.3,0.25,0.75
26,161,3320.0,1,5.0,5.4,0.75,0.25
26,162,5192.0,1,5.0,5.5,0.25,0.75
26,163,2359.0,0,5.0,4.5,0.5,0.5
26,164,17301.0,0,4.6,5.0,0.75,0.25
26,168,1327.0,0,5.0,5.4,0.75,0.25
26,169,1493.0,1,5.0,4.5,0.75,0.25
26,170,1636.0,1,5.0,5.6,0.25,0.75
26,171,2221.0,1,4.4,5.0,0.75,0.25
26,173,1891.0,1,5.0,5.5,0.25,0.75
26,174,3526.0000000000005,0,5.0,4.4,0.25,0.75
26,177,1591.9999999999998,0,5.5,5.0,0.25,0.75
26,178,1376.9999999999998,0,5.0,4.6,0.75,0.25
26,179,2775.0,0,4.5,5.0,0.25,0.75
26,180,2658.0,1,4.5,5.0,0.5,0.5
26,181,8789.0,0,5.0,4.6,0.5,0.5
26,182,1448.0000000000002,1,4.5,5.0,0.25,0.75
26,184,1040.0,1,5.0,5.4,0.5,0.5
26,187,1170.0,1,4.6,5.0,0.75,0.25
26,189,1339.0,0,5.3,5.0,0.5,0.5
26,191,1368.0,0,5.0,5.3,0.75,0.25
26,192,3203.0000000000005,1,5.0,4.7,0.25,0.75
26,193,2043.0000000000002,1,5.4,5.0,0.75,0.25
26,194,2465.0,0,4.5,5.0,0.75,0.25
26,195,738.0,1,4.4,5.0,0.75,0.25
26,196,1147.0,1,4.4,5.0,0.5,0.5
26,197,3706.0000000000005,1,4.3,5.0,0.75,0.25
26,198,3495.0,1,4.3,5.0,0.5,0.5
26,199,1434.0000000000002,1,5.6,5.0,0.5,0.5
26,201,2000.0,0,5.0,5.5,0.75,0.25
26,202,1229.0,1,5.0,5.4,0.75,0.25
26,203,1926.9999999999998,1,5.0,4.5,0.25,0.75
26,205,4668.0,1,5.4,5.0,0.75,0.25
26,206,1743.0,0,5.5,5.0,0.75,0.25
